set,run,raw_path,sha256,git_blob_oid,acquisition_id,raw_bytes,artifact_role,release_eligible,intake_policy_version,intake_implementation_parity_target,intake_decision_manifest_version,qc_disposition,intake_ramp_review_required,intake_ramp_review_ramp_gf_per_mm,intake_ramp_review_retained_median_gf_per_mm,intake_ramp_review_signed_deviation_pct,intake_ramp_review_absolute_deviation_pct,intake_ramp_review_threshold_pct,rows,malformed_rows,nonfinite_values,header_exact,millis_strictly_increasing,millis_monotonic,interval_median_ms,interval_p95_ms,interval_max_ms,timing_gap_count,effective_speed_mm_s,rate_cohort_conform,phase_reversals_press,phase_reversals_return,max_travel_row_count,turnaround_documented_duplicate,turnaround_detail,turnaround_travel_delta_mm,turnaround_step_delta,travel_step_violations,steps_continuity_violations,travel_steps_ratio_violations,grid_conforming,invalid_turnaround,missing_duplicate_turnaround,x_start_mm,x_max_mm,x_end_mm,press_span_mm,return_span_mm,return_rows,return_completion_fraction,origin_zone_conform,endpoint_zone_conform,press_span_conform,return_span_conform,return_completion_conform,return_rows_supplementary_ok,incomplete_press,incomplete_return,short_return,bad_origin,bad_return_endpoint,cropped_stroke,loadcell_saturation,force_spikes,raw_adc_dropout_count,stale_force_max_run_press,stale_force_flag,raw_cal_sign_disagreements,min_raw,min_cal_g,negative_observed,negative_class,negative_at_x_mm,negative_phase
Astro_Domes_Big_D_160g,DataLog_1.csv,Astro_Domes_Big_D_160g/DataLog_1.csv,c9a7b5c527a3aefbf7565ccdb2ac03ebffd1f392caa20a64dd3e9c56d83ae32e,25718063df9fde8d59c52935ea43288a948d0b10,acq_sha256:c9a7b5c527a3aefbf7565ccdb2ac03ebffd1f392caa20a64dd3e9c56d83ae32e,56587,canonical_retention_authority,True,intake-qc-v1.4,test-imp 1.1.4,2,pass,False,,,,,,1577,0,0,True,True,True,34.0,34.0,134.0,1,0.148687661565749,True,0,0,2,True,"{'boundary_present': True, 'consecutive_max_rows': True, 'travel_identical': True, 'steps_identical': True, 'is_expected_shared_maximum': True, 'phase_split_satisfied': True}",0.0,0.0,0,0,0,True,False,False,0.005,3.945,0.01,3.94,3.935,788,0.9987309644670052,True,True,True,True,True,True,False,False,False,False,False,False,False,0,0,1,False,0,768.0,0.1582,False,,,
Astro_Domes_Big_D_160g,DataLog_2.csv,Astro_Domes_Big_D_160g/DataLog_2.csv,fd47ba4e02958b65ac00ed42a111cdc24050d8ab4384825dcf9daac12d91cc1b,51ca8fff567b07e50082cdf16d45b78c08c113cc,acq_sha256:fd47ba4e02958b65ac00ed42a111cdc24050d8ab4384825dcf9daac12d91cc1b,56472,canonical_retention_authority,True,intake-qc-v1.4,test-imp 1.1.4,2,pass,False,,,,,,1575,0,0,True,True,True,34.0,34.0,123.0,1,0.1489152619245597,True,0,0,2,True,"{'boundary_present': True, 'consecutive_max_rows': True, 'travel_identical': True, 'steps_identical': True, 'is_expected_shared_maximum': True, 'phase_split_satisfied': True}",0.0,0.0,0,0,0,True,False,False,0.005,3.93,-0.01,3.9250000000000003,3.94,789,1.0038216560509554,True,True,True,True,True,True,False,False,False,False,False,False,False,0,0,1,False,0,846.0,0.0981,False,,,
Astro_Domes_Big_D_160g,DataLog_3.csv,Astro_Domes_Big_D_160g/DataLog_3.csv,6b0f6e2722ddaff355ce21d03202a2cb1b34ab90e5fbb189554e25261845398a,eeb4fdc9795f0f15be16f3c078ca850b31c2f02e,acq_sha256:6b0f6e2722ddaff355ce21d03202a2cb1b34ab90e5fbb189554e25261845398a,56685,canonical_retention_authority,True,intake-qc-v1.4,test-imp 1.1.4,2,pass,False,,,,,,1580,0,0,True,True,True,34.0,34.0,169.0,2,0.14737471281543607,True,0,0,2,True,"{'boundary_present': True, 'consecutive_max_rows': True, 'travel_identical': True, 'steps_identical': True, 'is_expected_shared_maximum': True, 'phase_split_satisfied': True}",0.0,0.0,0,0,0,True,False,False,0.005,3.95,0.005,3.9450000000000003,3.9450000000000003,790,1.0,True,True,True,True,True,True,False,False,False,False,False,False,False,0,0,0,False,0,28.0,0.0473,False,,,
Astro_Domes_Big_D_160g,DataLog_4.csv,Astro_Domes_Big_D_160g/DataLog_4.csv,2408bfab8e0de2d75b56edfc10f60eda8851ec823cfd3aed61324abf951c1758,7c5deec5913a573cbe874c212f3464d2dafaa8a4,acq_sha256:2408bfab8e0de2d75b56edfc10f60eda8851ec823cfd3aed61324abf951c1758,56611,canonical_retention_authority,True,intake-qc-v1.4,test-imp 1.1.4,2,pass,False,,,,,,1579,0,0,True,True,True,34.0,34.0,146.0,1,0.14856326162178424,True,0,0,2,True,"{'boundary_present': True, 'consecutive_max_rows': True, 'travel_identical': True, 'steps_identical': True, 'is_expected_shared_maximum': True, 'phase_split_satisfied': True}",0.0,0.0,0,0,0,True,False,False,0.005,3.94,-0.01,3.935,3.9499999999999997,791,1.0038119440914866,True,True,True,True,True,True,False,False,False,False,False,False,False,0,0,1,False,0,180.0,0.0571,False,,,
Astro_Domes_Fiesta_120g,DataLog_1.csv,Astro_Domes_Fiesta_120g/DataLog_1.csv,2ab7a7d80ab3d224272bdb3bb4343701176d008f74aec702c7f6fe7168bcc338,eb151d457258358c7fdf4d8bfaaa17b41b615e5f,acq_sha256:2ab7a7d80ab3d224272bdb3bb4343701176d008f74aec702c7f6fe7168bcc338,55654,canonical_retention_authority,True,intake-qc-v1.4,test-imp 1.1.4,2,pass_with_offset_note,False,,,,,,1558,0,0,True,True,True,34.0,34.0,146.0,1,0.14836568900415728,True,0,0,2,True,"{'boundary_present': True, 'consecutive_max_rows': True, 'travel_identical': True, 'steps_identical': True, 'is_expected_shared_maximum': True, 'phase_split_satisfied': True}",0.0,0.0,0,0,0,True,False,False,0.005,3.895,0.005,3.89,3.89,779,1.0,True,True,True,True,True,True,False,False,False,False,False,False,False,0,0,1,False,0,-150.0,-0.0007,True,baseline_zero_offset,0.005,return
Astro_Domes_Fiesta_120g,DataLog_2.csv,Astro_Domes_Fiesta_120g/DataLog_2.csv,14a95089adfb8a3ad28f2eded623a8104efc185b979031f74f161695d872e84c,6a1082fead77f064892ce3541fe7dc9cfa83b389,acq_sha256:14a95089adfb8a3ad28f2eded623a8104efc185b979031f74f161695d872e84c,57157,canonical_retention_authority,True,intake-qc-v1.4,test-imp 1.1.4,2,pass_with_offset_note,False,,,,,,1555,0,0,True,True,True,34.0,34.0,180.0,2,0.14751052292290773,True,0,0,2,True,"{'boundary_present': True, 'consecutive_max_rows': True, 'travel_identical': True, 'steps_identical': True, 'is_expected_shared_maximum': True, 'phase_split_satisfied': True}",0.0,0.0,0,0,0,True,False,False,0.005,3.88,-0.01,3.875,3.8899999999999997,779,1.0038709677419353,True,True,True,True,True,True,False,False,False,False,False,False,False,0,0,1,False,0,30.0,-0.0016,True,baseline_zero_offset,-0.01,return
Astro_Domes_Lean_90g,DataLog_1.csv,Astro_Domes_Lean_90g/DataLog_1.csv,6a93ed4cbb749421027ee2878d9a09a8adfcac39e122a80021878916315d628f,07d6503e3c61f66804efca9d1bad3031fceb5dd1,acq_sha256:6a93ed4cbb749421027ee2878d9a09a8adfcac39e122a80021878916315d628f,57550,canonical_retention_authority,True,intake-qc-v1.4,test-imp 1.1.4,2,pass,False,,,,,,1616,0,0,True,True,True,34.0,34.0,167.0,1,0.14839468941929315,True,0,0,2,True,"{'boundary_present': True, 'consecutive_max_rows': True, 'travel_identical': True, 'steps_identical': True, 'is_expected_shared_maximum': True, 'phase_split_satisfied': True}",0.0,0.0,0,0,0,True,False,False,0.005,4.04,0.005,4.035,4.035,808,1.0,True,True,True,True,True,True,False,False,False,False,False,False,False,0,0,0,False,0,812.0,0.1414,False,,,
Astro_Domes_Lean_90g,DataLog_2.csv,Astro_Domes_Lean_90g/DataLog_2.csv,b1318d524f226b767ab5f4581a8d9173312be03e5ca85861baa35051f1c6e185,e767e677821cb51b7922ed06e5addf5a8f55e4ea,acq_sha256:b1318d524f226b767ab5f4581a8d9173312be03e5ca85861baa35051f1c6e185,59341,canonical_retention_authority,True,intake-qc-v1.4,test-imp 1.1.4,2,pass,False,,,,,,1618,0,0,True,True,True,34.0,34.0,191.0,2,0.14745552639253426,True,0,0,2,True,"{'boundary_present': True, 'consecutive_max_rows': True, 'travel_identical': True, 'steps_identical': True, 'is_expected_shared_maximum': True, 'phase_split_satisfied': True}",0.0,0.0,0,0,0,True,False,False,0.005,4.04,-0.005,4.035,4.045,810,1.0024783147459726,True,True,True,True,True,True,False,False,False,False,False,False,False,0,0,1,False,0,2726.0,0.5835,False,,,
Astro_Domes_Pepper_50g,DataLog_1.csv,Astro_Domes_Pepper_50g/DataLog_1.csv,77f1e092ffc03b2d2379c4afbdb5aa353e8ae10c7a7726652eb6d7f94dad6afa,820758c6de571231d97052efca230c4a49fddf8f,acq_sha256:77f1e092ffc03b2d2379c4afbdb5aa353e8ae10c7a7726652eb6d7f94dad6afa,58625,canonical_retention_authority,True,intake-qc-v1.4,test-imp 1.1.4,2,pass_with_offset_note,False,,,,,,1659,0,0,True,True,True,34.0,34.0,179.0,1,0.14839079225289084,True,0,0,2,True,"{'boundary_present': True, 'consecutive_max_rows': True, 'travel_identical': True, 'steps_identical': True, 'is_expected_shared_maximum': True, 'phase_split_satisfied': True}",0.0,0.0,0,0,0,True,False,False,0.005,4.145,0.0,4.14,4.145,830,1.001207729468599,True,True,True,True,True,True,False,False,False,False,False,False,False,0,0,0,False,0,-363.0,-0.1588,True,baseline_zero_offset,0.0,return
Astro_Domes_Pepper_50g,DataLog_2.csv,Astro_Domes_Pepper_50g/DataLog_2.csv,40c584fdaf43f42600f7ded69184ebb4106f6c4bb1a56a6f6a3c791be6fc04dd,882fcccd2f7bc443a87ef33942b1dcfbab1377d0,acq_sha256:40c584fdaf43f42600f7ded69184ebb4106f6c4bb1a56a6f6a3c791be6fc04dd,61901,canonical_retention_authority,True,intake-qc-v1.4,test-imp 1.1.4,2,pass,False,,,,,,1656,0,0,True,True,True,34.0,34.0,147.0,1,0.14595966718375403,True,0,0,2,True,"{'boundary_present': True, 'consecutive_max_rows': True, 'travel_identical': True, 'steps_identical': True, 'is_expected_shared_maximum': True, 'phase_split_satisfied': True}",0.0,0.0,0,0,0,True,False,False,0.005,4.135,-0.005,4.13,4.14,829,1.0024213075060533,True,True,True,True,True,True,False,False,False,False,False,False,False,0,0,0,False,0,2981.0,0.57,False,,,
Astro_Domes_Shiner_35g,DataLog_1.csv,Astro_Domes_Shiner_35g/DataLog_1.csv,4aaa79fd15a647813fe301ae8510112cfdebf865ff412f4870ca9cd8e344b873,3bd44aa80349f67742261c42288d5ec6c61f47e9,acq_sha256:4aaa79fd15a647813fe301ae8510112cfdebf865ff412f4870ca9cd8e344b873,61844,canonical_retention_authority,True,intake-qc-v1.4,test-imp 1.1.4,2,pass,False,,,,,,1665,0,0,True,True,True,34.0,34.0,90.0,0,0.14808099123602297,True,0,0,2,True,"{'boundary_present': True, 'consecutive_max_rows': True, 'travel_identical': True, 'steps_identical': True, 'is_expected_shared_maximum': True, 'phase_split_satisfied': True}",0.0,0.0,0,0,0,True,False,False,0.005,4.155,-0.01,4.15,4.165,834,1.0036144578313253,True,True,True,True,True,True,False,False,False,False,False,False,False,0,0,1,False,0,945.0,0.042,False,,,
Astro_Domes_Shiner_35g,DataLog_2.csv,Astro_Domes_Shiner_35g/DataLog_2.csv,30ea1749675bae41b46785e16ca9e10dbf2376c378853a4cc27b5f0b23662cd0,1f34b8aaf1c5a0b016f8521889ed7417c0250904,acq_sha256:30ea1749675bae41b46785e16ca9e10dbf2376c378853a4cc27b5f0b23662cd0,58557,canonical_retention_authority,True,intake-qc-v1.4,test-imp 1.1.4,2,pass,False,,,,,,1666,0,0,True,True,True,34.0,34.0,123.0,2,0.14845838531456068,True,0,0,2,True,"{'boundary_present': True, 'consecutive_max_rows': True, 'travel_identical': True, 'steps_identical': True, 'is_expected_shared_maximum': True, 'phase_split_satisfied': True}",0.0,0.0,0,0,0,True,False,False,0.005,4.16,-0.005,4.155,4.165,834,1.0024067388688327,True,True,True,True,True,True,False,False,False,False,False,False,False,0,0,0,False,0,3574.0,0.5553,False,,,
Astro_Domes_Weird_70g,DataLog_1.csv,Astro_Domes_Weird_70g/DataLog_1.csv,241575e104aa123cae90896eb05d61f94e83a6953d6241d4197650c7828aa251,1c229c2eace4979d1606bdf46a1e2f5819505b6f,acq_sha256:241575e104aa123cae90896eb05d61f94e83a6953d6241d4197650c7828aa251,58219,canonical_retention_authority,True,intake-qc-v1.4,test-imp 1.1.4,2,pass,False,,,,,,1637,0,0,True,True,True,34.0,34.0,156.0,1,0.14863074605738344,True,0,0,2,True,"{'boundary_present': True, 'consecutive_max_rows': True, 'travel_identical': True, 'steps_identical': True, 'is_expected_shared_maximum': True, 'phase_split_satisfied': True}",0.0,0.0,0,0,0,True,False,False,0.005,4.085,-0.01,4.08,4.095,820,1.0036764705882353,True,True,True,True,True,True,False,False,False,False,False,False,False,0,0,0,False,0,264.0,0.0945,False,,,
Astro_Domes_Weird_70g,DataLog_2.csv,Astro_Domes_Weird_70g/DataLog_2.csv,2ed4c41cc8999cdff15cba306fb8a8f23a7bba937baa79de961abc4546e4b7c7,af78cf25d3220d3e61b0851f9886b61e668b68fa,acq_sha256:2ed4c41cc8999cdff15cba306fb8a8f23a7bba937baa79de961abc4546e4b7c7,59825,canonical_retention_authority,True,intake-qc-v1.4,test-imp 1.1.4,2,pass,False,,,,,,1636,0,0,True,True,True,34.0,34.0,202.0,2,0.14752827024004905,True,0,0,2,True,"{'boundary_present': True, 'consecutive_max_rows': True, 'travel_identical': True, 'steps_identical': True, 'is_expected_shared_maximum': True, 'phase_split_satisfied': True}",0.0,0.0,0,0,0,True,False,False,0.005,4.085,-0.005,4.08,4.09,819,1.0024509803921569,True,True,True,True,True,True,False,False,False,False,False,False,False,0,0,1,False,0,1893.0,0.1237,False,,,
Astro_Domes_Whatadome_60g,DataLog_1.csv,Astro_Domes_Whatadome_60g/DataLog_1.csv,8810f0df1906710f0045db44ea5c297bc260eb5b7f335a00ef26939a078958bc,53f717649c71948d25d3f4e7dbfd1b830f920833,acq_sha256:8810f0df1906710f0045db44ea5c297bc260eb5b7f335a00ef26939a078958bc,58646,canonical_retention_authority,True,intake-qc-v1.4,test-imp 1.1.4,2,pass,False,,,,,,1656,0,0,True,True,True,34.0,34.0,134.0,1,0.14872292272874232,True,0,0,2,True,"{'boundary_present': True, 'consecutive_max_rows': True, 'travel_identical': True, 'steps_identical': True, 'is_expected_shared_maximum': True, 'phase_split_satisfied': True}",0.0,0.0,0,0,0,True,False,False,0.005,4.135,-0.005,4.13,4.14,829,1.0024213075060533,True,True,True,True,True,True,False,False,False,False,False,False,False,0,0,1,False,0,969.0,0.1772,False,,,
Astro_Domes_Whatadome_60g,DataLog_2.csv,Astro_Domes_Whatadome_60g/DataLog_2.csv,66ea65856b34228d3a8829bab95aa2c901e416c471e8a798e5a79a4a3c6077b6,8ebb7c4774f7db9c46112b0172f347071607899b,acq_sha256:66ea65856b34228d3a8829bab95aa2c901e416c471e8a798e5a79a4a3c6077b6,60414,canonical_retention_authority,True,intake-qc-v1.4,test-imp 1.1.4,2,pass,False,,,,,,1656,0,0,True,True,True,34.0,34.0,203.0,2,0.1475725386754117,True,0,0,2,True,"{'boundary_present': True, 'consecutive_max_rows': True, 'travel_identical': True, 'steps_identical': True, 'is_expected_shared_maximum': True, 'phase_split_satisfied': True}",0.0,0.0,0,0,0,True,False,False,0.005,4.135,-0.005,4.13,4.14,829,1.0024213075060533,True,True,True,True,True,True,False,False,False,False,False,False,False,0,0,1,False,0,976.0,0.125,False,,,
BKE_Redux_v1_Extreme_01,BKE_Redux_Extreme_01-DataLog_1.csv,BKE_Redux_v1_Extreme_01/BKE_Redux_Extreme_01-DataLog_1.csv,2b5daaa1211cbc69dfd5870b9603c29e63997e77e51be3c97847d4266162105f,fb7503e4f2733baea91e93dff3da7d4d7030a2ac,acq_sha256:2b5daaa1211cbc69dfd5870b9603c29e63997e77e51be3c97847d4266162105f,52454,canonical_retention_authority,True,intake-qc-v1.4,test-imp 1.1.4,2,pass,False,,,,,,1451,0,0,True,True,True,34.0,34.0,146.0,2,0.14836491630172308,True,0,0,2,True,"{'boundary_present': True, 'consecutive_max_rows': True, 'travel_identical': True, 'steps_identical': True, 'is_expected_shared_maximum': True, 'phase_split_satisfied': True}",0.0,0.0,0,0,0,True,False,False,0.005,3.625,0.0,3.62,3.625,726,1.0013812154696133,True,True,True,True,True,True,False,False,False,False,False,False,False,0,0,0,False,0,3159.0,0.6586,False,,,
BKE_Redux_v1_Extreme_01,BKE_Redux_Extreme_01-DataLog_2.csv,BKE_Redux_v1_Extreme_01/BKE_Redux_Extreme_01-DataLog_2.csv,0aa66c2f5385fb116d8f2c1946a5e9bbf21be0d0325f0ccd013d2cd4e12b4751,04629546f2bfbcd5dddaf0621b348508e88d7b84,acq_sha256:0aa66c2f5385fb116d8f2c1946a5e9bbf21be0d0325f0ccd013d2cd4e12b4751,53909,canonical_retention_authority,True,intake-qc-v1.4,test-imp 1.1.4,2,pass,False,,,,,,1450,0,0,True,True,True,34.0,34.0,146.0,1,0.14838736050361773,True,0,0,2,True,"{'boundary_present': True, 'consecutive_max_rows': True, 'travel_identical': True, 'steps_identical': True, 'is_expected_shared_maximum': True, 'phase_split_satisfied': True}",0.0,0.0,0,0,0,True,False,False,0.005,3.615,-0.015,3.6100000000000003,3.6300000000000003,727,1.005540166204986,True,True,True,True,True,True,False,False,False,False,False,False,False,0,0,0,False,0,52.0,0.0469,False,,,
BKE_Redux_v1_Extreme_01,BKE_Redux_Extreme_01-DataLog_3.csv,BKE_Redux_v1_Extreme_01/BKE_Redux_Extreme_01-DataLog_3.csv,5a238c2970b761d30fc1b951724565db06136510d1959d42ed0312ab7d6bcbaf,0c700e319864cbf8ab0cfefa7bca3e0e75f83027,acq_sha256:5a238c2970b761d30fc1b951724565db06136510d1959d42ed0312ab7d6bcbaf,55400,canonical_retention_authority,True,intake-qc-v1.4,test-imp 1.1.4,2,pass,False,,,,,,1451,0,0,True,True,True,34.0,34.0,113.0,1,0.14833885006742675,True,0,0,2,True,"{'boundary_present': True, 'consecutive_max_rows': True, 'travel_identical': True, 'steps_identical': True, 'is_expected_shared_maximum': True, 'phase_split_satisfied': True}",0.0,0.0,0,0,0,True,False,False,0.005,3.62,-0.01,3.615,3.63,727,1.004149377593361,True,True,True,True,True,True,False,False,False,False,False,False,False,0,0,1,False,0,368.0,0.0555,False,,,
BKE_Redux_v1_Heavy_01,DataLog_1.csv,BKE_Redux_v1_Heavy_01/DataLog_1.csv,36ef7bfad85ba95eb1afcbc265e3427e58600914fdf68cb4c8775d1ff00c44be,8192e44742986b5f103e021fc92353f93cd43bbe,acq_sha256:36ef7bfad85ba95eb1afcbc265e3427e58600914fdf68cb4c8775d1ff00c44be,53235,canonical_retention_authority,True,intake-qc-v1.4,test-imp 1.1.4,2,pass,False,,,,,,1489,0,0,True,True,True,34.0,34.0,179.0,1,0.14839636189564384,True,0,0,2,True,"{'boundary_present': True, 'consecutive_max_rows': True, 'travel_identical': True, 'steps_identical': True, 'is_expected_shared_maximum': True, 'phase_split_satisfied': True}",0.0,0.0,0,0,0,True,False,False,0.005,3.72,0.0,3.7150000000000003,3.72,745,1.0013458950201883,True,True,True,True,True,True,False,False,False,False,False,False,False,0,0,0,False,0,4551.0,0.8014,False,,,
BKE_Redux_v1_Heavy_01,DataLog_2.csv,BKE_Redux_v1_Heavy_01/DataLog_2.csv,08419fc1da7eea085c23ffa6a8add0192cb4ae5800120d5f62813eee08c23c3c,dad92d64e0557a666097622eb4000f6846ba6f7d,acq_sha256:08419fc1da7eea085c23ffa6a8add0192cb4ae5800120d5f62813eee08c23c3c,54751,canonical_retention_authority,True,intake-qc-v1.4,test-imp 1.1.4,2,pass,False,,,,,,1488,0,0,True,True,True,34.0,34.0,202.0,2,0.14761904761904762,True,0,0,2,True,"{'boundary_present': True, 'consecutive_max_rows': True, 'travel_identical': True, 'steps_identical': True, 'is_expected_shared_maximum': True, 'phase_split_satisfied': True}",0.0,0.0,0,0,0,True,False,False,0.005,3.715,-0.005,3.71,3.7199999999999998,745,1.0026954177897573,True,True,True,True,True,True,False,False,False,False,False,False,False,0,0,0,False,0,1381.0,0.1208,False,,,
BKE_Redux_v1_Heavy_02,DataLog_1.csv,BKE_Redux_v1_Heavy_02/DataLog_1.csv,d2c8a632b70b3d5def4c020775be0e22a1b41454ddf27ad149bb652b27943118,a670954fa6b82967f43e495758ff4d089cc66047,acq_sha256:d2c8a632b70b3d5def4c020775be0e22a1b41454ddf27ad149bb652b27943118,53267,canonical_retention_authority,True,intake-qc-v1.4,test-imp 1.1.4,2,pass,False,,,,,,1495,0,0,True,True,True,34.0,34.0,157.0,1,0.14850008945788523,True,0,0,2,True,"{'boundary_present': True, 'consecutive_max_rows': True, 'travel_identical': True, 'steps_identical': True, 'is_expected_shared_maximum': True, 'phase_split_satisfied': True}",0.0,0.0,0,0,0,True,False,False,0.005,3.735,0.0,3.73,3.735,748,1.0013404825737264,True,True,True,True,True,True,False,False,False,False,False,False,False,0,0,1,False,0,3373.0,0.6239,False,,,
BKE_Redux_v1_Heavy_02,DataLog_2.csv,BKE_Redux_v1_Heavy_02/DataLog_2.csv,e3064b3de8e1c2e67d8a03987534ebeb463d118a55c5298e2e21a08c21ce5caf,4188075f5054de4db8c123e99ae79adf642a5a97,acq_sha256:e3064b3de8e1c2e67d8a03987534ebeb463d118a55c5298e2e21a08c21ce5caf,54762,canonical_retention_authority,True,intake-qc-v1.4,test-imp 1.1.4,2,pass,False,,,,,,1493,0,0,True,True,True,34.0,34.0,168.0,2,0.14786515964290664,True,0,0,2,True,"{'boundary_present': True, 'consecutive_max_rows': True, 'travel_identical': True, 'steps_identical': True, 'is_expected_shared_maximum': True, 'phase_split_satisfied': True}",0.0,0.0,0,0,0,True,False,False,0.005,3.725,-0.01,3.72,3.735,748,1.004032258064516,True,True,True,True,True,True,False,False,False,False,False,False,False,0,0,1,False,0,226.0,0.0568,False,,,
BKE_Redux_v1_Heavy_03,DataLog_2.csv,BKE_Redux_v1_Heavy_03/DataLog_2.csv,29e86769730e65b01be38dd0e9508f142c4f92d2a6ba9b7819d6cb28f5e4e7d9,e7a1ab0fcd5a4267cbd60d822d61d2a868ec9cbe,acq_sha256:29e86769730e65b01be38dd0e9508f142c4f92d2a6ba9b7819d6cb28f5e4e7d9,52905,canonical_retention_authority,True,intake-qc-v1.4,test-imp 1.1.4,2,pass,False,,,,,,1480,0,0,True,True,True,34.0,34.0,191.0,2,0.1480977445113775,True,0,0,2,True,"{'boundary_present': True, 'consecutive_max_rows': True, 'travel_identical': True, 'steps_identical': True, 'is_expected_shared_maximum': True, 'phase_split_satisfied': True}",0.0,0.0,0,0,0,True,False,False,0.005,3.695,-0.005,3.69,3.6999999999999997,741,1.002710027100271,True,True,True,True,True,True,False,False,False,False,False,False,False,0,0,1,False,0,3928.0,0.6586,False,,,
BKE_Redux_v1_Heavy_03,DataLog_3.csv,BKE_Redux_v1_Heavy_03/DataLog_3.csv,158fec1f645cfb0adbb9cc11638770dd8b11c7d30d4500fee100afe4dfcafd3c,8b9a150ea29aabb5ad19269a013a0d68765d49f3,acq_sha256:158fec1f645cfb0adbb9cc11638770dd8b11c7d30d4500fee100afe4dfcafd3c,52974,canonical_retention_authority,True,intake-qc-v1.4,test-imp 1.1.4,2,pass,False,,,,,,1480,0,0,True,True,True,34.0,34.0,56.0,0,0.14878857947119734,True,0,0,2,True,"{'boundary_present': True, 'consecutive_max_rows': True, 'travel_identical': True, 'steps_identical': True, 'is_expected_shared_maximum': True, 'phase_split_satisfied': True}",0.0,0.0,0,0,0,True,False,False,0.005,3.695,-0.005,3.69,3.6999999999999997,741,1.002710027100271,True,True,True,True,True,True,False,False,False,False,False,False,False,0,0,1,False,0,3164.0,0.4818,False,,,
BKE_Redux_v1_Heavy_03,DataLog_4.csv,BKE_Redux_v1_Heavy_03/DataLog_4.csv,bb3e685d3f8efa176b66d7de752ed2b12dbff700cfee742694a2162deadec741,48c90fccc21dc14f18605ccc7c5fb546a82003a1,acq_sha256:bb3e685d3f8efa176b66d7de752ed2b12dbff700cfee742694a2162deadec741,54413,canonical_retention_authority,True,intake-qc-v1.4,test-imp 1.1.4,2,pass,False,,,,,,1479,0,0,True,True,True,34.0,34.0,202.0,1,0.14806218611816963,True,0,0,2,True,"{'boundary_present': True, 'consecutive_max_rows': True, 'travel_identical': True, 'steps_identical': True, 'is_expected_shared_maximum': True, 'phase_split_satisfied': True}",0.0,0.0,0,0,0,True,False,False,0.005,3.69,-0.01,3.685,3.6999999999999997,741,1.0040705563093621,True,True,True,True,True,True,False,False,False,False,False,False,False,0,0,0,False,0,2744.0,0.3091,False,,,
BKE_Redux_v1_Light_01,DataLog_1.csv,BKE_Redux_v1_Light_01/DataLog_1.csv,2de845de78f69afadf26399c75fea027951453a0612d3753eeab6f1ef38bde1c,5e8326d7243a9597c67e30b1deffa2aa0d54ddfc,acq_sha256:2de845de78f69afadf26399c75fea027951453a0612d3753eeab6f1ef38bde1c,53872,canonical_retention_authority,True,intake-qc-v1.4,test-imp 1.1.4,2,pass,False,,,,,,1514,0,0,True,True,True,34.0,34.0,167.0,1,0.14866457187745483,True,0,0,2,True,"{'boundary_present': True, 'consecutive_max_rows': True, 'travel_identical': True, 'steps_identical': True, 'is_expected_shared_maximum': True, 'phase_split_satisfied': True}",0.0,0.0,0,0,0,True,False,False,0.005,3.78,-0.005,3.775,3.7849999999999997,758,1.0026490066225164,True,True,True,True,True,True,False,False,False,False,False,False,False,0,0,0,False,0,3118.0,0.9842,False,,,
BKE_Redux_v1_Light_01,DataLog_2.csv,BKE_Redux_v1_Light_01/DataLog_2.csv,039443396c07de695360f86857725f4ccbc12d091f5d5ef029bf83c3a193fbbb,eac4bd28a4e548dab53644f39eff0271c3c58577,acq_sha256:039443396c07de695360f86857725f4ccbc12d091f5d5ef029bf83c3a193fbbb,55477,canonical_retention_authority,True,intake-qc-v1.4,test-imp 1.1.4,2,pass,False,,,,,,1515,0,0,True,True,True,34.0,34.0,213.0,1,0.14806133411465963,True,0,0,2,True,"{'boundary_present': True, 'consecutive_max_rows': True, 'travel_identical': True, 'steps_identical': True, 'is_expected_shared_maximum': True, 'phase_split_satisfied': True}",0.0,0.0,0,0,0,True,False,False,0.005,3.78,-0.01,3.775,3.7899999999999996,759,1.0039735099337748,True,True,True,True,True,True,False,False,False,False,False,False,False,0,0,1,False,0,36.0,0.0026,False,,,
BKE_Redux_v1_Light_02,DataLog_1.csv,BKE_Redux_v1_Light_02/DataLog_1.csv,6ac347ba067dcf8f8bc0584e8e618557f81708e470f477c59f543d3e7373416b,ccd6acc944fe461566375c39fae169d1e4bb68dd,acq_sha256:6ac347ba067dcf8f8bc0584e8e618557f81708e470f477c59f543d3e7373416b,54173,canonical_retention_authority,True,intake-qc-v1.4,test-imp 1.1.4,2,pass,False,,,,,,1526,0,0,True,True,True,34.0,34.0,168.0,2,0.14723476515765505,True,0,0,2,True,"{'boundary_present': True, 'consecutive_max_rows': True, 'travel_identical': True, 'steps_identical': True, 'is_expected_shared_maximum': True, 'phase_split_satisfied': True}",0.0,0.0,0,0,0,True,False,False,0.005,3.81,-0.005,3.805,3.815,764,1.002628120893561,True,True,True,True,True,True,False,False,False,False,False,False,False,0,0,0,False,0,2863.0,0.6787,False,,,
BKE_Redux_v1_Light_02,DataLog_2.csv,BKE_Redux_v1_Light_02/DataLog_2.csv,62a63ff90756714a29c6d6e78cd5f6cd603c11a6bca95afe18820101e64d4e2a,ff8a902c3b18a13e201a50d8a1caa2455cf984a8,acq_sha256:62a63ff90756714a29c6d6e78cd5f6cd603c11a6bca95afe18820101e64d4e2a,55697,canonical_retention_authority,True,intake-qc-v1.4,test-imp 1.1.4,2,pass,False,,,,,,1526,0,0,True,True,True,34.0,34.0,135.0,1,0.14819562599541625,True,0,0,2,True,"{'boundary_present': True, 'consecutive_max_rows': True, 'travel_identical': True, 'steps_identical': True, 'is_expected_shared_maximum': True, 'phase_split_satisfied': True}",0.0,0.0,0,0,0,True,False,False,0.005,3.81,-0.005,3.805,3.815,764,1.002628120893561,True,True,True,True,True,True,False,False,False,False,False,False,False,0,0,0,False,0,1497.0,0.4686,False,,,
BKE_Redux_v1_Light_03,DataLog_1.csv,BKE_Redux_v1_Light_03/DataLog_1.csv,935f4179e3c93b5b9efe9bfc3eef53e31a945103098658227d50a65c3301f95f,89ae9ec14526e603d52936e66563601cc8815ab9,acq_sha256:935f4179e3c93b5b9efe9bfc3eef53e31a945103098658227d50a65c3301f95f,56316,canonical_retention_authority,True,intake-qc-v1.4,test-imp 1.1.4,2,pass,False,,,,,,1539,0,0,True,True,True,34.0,34.0,179.0,1,0.14812819822246162,True,0,0,2,True,"{'boundary_present': True, 'consecutive_max_rows': True, 'travel_identical': True, 'steps_identical': True, 'is_expected_shared_maximum': True, 'phase_split_satisfied': True}",0.0,0.0,0,0,0,True,False,False,0.005,3.84,-0.01,3.835,3.8499999999999996,771,1.0039113428943938,True,True,True,True,True,True,False,False,False,False,False,False,False,0,0,1,False,0,638.0,0.0834,False,,,
BKE_Redux_v1_Light_03,DataLog_2.csv,BKE_Redux_v1_Light_03/DataLog_2.csv,cd9dc3609eace445e7a3db517f3e0d0e23a5b6017b67a738f65b14ec1d32cb8e,a2741db024ebdf26e6eab257014c05505799fae7,acq_sha256:cd9dc3609eace445e7a3db517f3e0d0e23a5b6017b67a738f65b14ec1d32cb8e,54711,canonical_retention_authority,True,intake-qc-v1.4,test-imp 1.1.4,2,pass,False,,,,,,1539,0,0,True,True,True,34.0,34.0,190.0,2,0.14796594861546147,True,0,0,2,True,"{'boundary_present': True, 'consecutive_max_rows': True, 'travel_identical': True, 'steps_identical': True, 'is_expected_shared_maximum': True, 'phase_split_satisfied': True}",0.0,0.0,0,0,0,True,False,False,0.005,3.84,-0.01,3.835,3.8499999999999996,771,1.0039113428943938,True,True,True,True,True,True,False,False,False,False,False,False,False,0,0,1,False,0,585.0,0.1155,False,,,
BKE_Redux_v1_Ultra_Light_01,DataLog_1.csv,BKE_Redux_v1_Ultra_Light_01/DataLog_1.csv,6a4f2fe9ea0bf3ea43e975bffd2243538af8af28f291d4ff4215adc92779b8a6,6b5d636d566d5586e2669f1cfb87d71e9b23b902,acq_sha256:6a4f2fe9ea0bf3ea43e975bffd2243538af8af28f291d4ff4215adc92779b8a6,54903,canonical_retention_authority,True,intake-qc-v1.4,test-imp 1.1.4,2,pass,False,,,,,,1544,0,0,True,True,True,34.0,34.0,146.0,1,0.14877912466996857,True,0,0,2,True,"{'boundary_present': True, 'consecutive_max_rows': True, 'travel_identical': True, 'steps_identical': True, 'is_expected_shared_maximum': True, 'phase_split_satisfied': True}",0.0,0.0,0,0,0,True,False,False,0.005,3.855,-0.005,3.85,3.86,773,1.0025974025974025,True,True,True,True,True,True,False,False,False,False,False,False,False,0,0,0,False,0,1939.0,0.3426,False,,,
BKE_Redux_v1_Ultra_Light_01,DataLog_2.csv,BKE_Redux_v1_Ultra_Light_01/DataLog_2.csv,18ad2d57a6a38e19cdce498e6eea41b4ef87fde9ba47fd62e4304cc598fe79fc,3e756e34ca8e201740df9035cef0e98a83f2c2b8,acq_sha256:18ad2d57a6a38e19cdce498e6eea41b4ef87fde9ba47fd62e4304cc598fe79fc,56556,canonical_retention_authority,True,intake-qc-v1.4,test-imp 1.1.4,2,pass,False,,,,,,1547,0,0,True,True,True,34.0,34.0,157.0,2,0.14790751003248614,True,0,0,2,True,"{'boundary_present': True, 'consecutive_max_rows': True, 'travel_identical': True, 'steps_identical': True, 'is_expected_shared_maximum': True, 'phase_split_satisfied': True}",0.0,0.0,0,0,0,True,False,False,0.005,3.86,-0.01,3.855,3.8699999999999997,775,1.0038910505836576,True,True,True,True,True,True,False,False,False,False,False,False,False,0,0,1,False,0,79.0,0.0745,False,,,
BKE_Redux_v1_Ultra_Light_02,DataLog_1.csv,BKE_Redux_v1_Ultra_Light_02/DataLog_1.csv,20af4dd1c5d9321df7d1b2ce2e2f76cb45cb53ae60d73240b5a674d4b30d9b00,e94a04d1882d3ac55d030adab15d2677d2fe6ee0,acq_sha256:20af4dd1c5d9321df7d1b2ce2e2f76cb45cb53ae60d73240b5a674d4b30d9b00,53351,canonical_retention_authority,True,intake-qc-v1.4,test-imp 1.1.4,2,pass,False,,,,,,1500,0,0,True,True,True,34.0,34.0,191.0,2,0.14816278150928489,True,0,0,2,True,"{'boundary_present': True, 'consecutive_max_rows': True, 'travel_identical': True, 'steps_identical': True, 'is_expected_shared_maximum': True, 'phase_split_satisfied': True}",0.0,0.0,0,0,0,True,False,False,0.005,3.745,-0.005,3.74,3.75,751,1.0026737967914439,True,True,True,True,True,True,False,False,False,False,False,False,False,0,0,1,False,0,628.0,0.1011,False,,,
BKE_Redux_v1_Ultra_Light_02,DataLog_2.csv,BKE_Redux_v1_Ultra_Light_02/DataLog_2.csv,dd4d02232eedd75e6c482d1f4834508e9b5aab9dfc102a440cc8540001e2f6fd,c0624900fb37664a4d0ffa869d1fa1bee85af5f8,acq_sha256:dd4d02232eedd75e6c482d1f4834508e9b5aab9dfc102a440cc8540001e2f6fd,54853,canonical_retention_authority,True,intake-qc-v1.4,test-imp 1.1.4,2,pass_with_offset_note,False,,,,,,1497,0,0,True,True,True,34.0,34.0,124.0,1,0.14831095798186208,True,0,0,2,True,"{'boundary_present': True, 'consecutive_max_rows': True, 'travel_identical': True, 'steps_identical': True, 'is_expected_shared_maximum': True, 'phase_split_satisfied': True}",0.0,0.0,0,0,0,True,False,False,0.005,3.735,-0.01,3.73,3.7449999999999997,750,1.0040214477211795,True,True,True,True,True,True,False,False,False,False,False,False,False,0,0,0,False,0,-164.0,-0.023,True,baseline_zero_offset,-0.01,return
BKE_Redux_v1_Ultra_Light_02,DataLog_3.csv,BKE_Redux_v1_Ultra_Light_02/DataLog_3.csv,cf7299c2450bb2de7ea13ccc95118811fac7e7fb90b56afbb7a3fbae3b9df8da,322bc47e6d13d5c77c5806b9610e046964dee0af,acq_sha256:cf7299c2450bb2de7ea13ccc95118811fac7e7fb90b56afbb7a3fbae3b9df8da,55002,canonical_retention_authority,True,intake-qc-v1.4,test-imp 1.1.4,2,pass,False,,,,,,1501,0,0,True,True,True,34.0,34.0,213.0,1,0.14788122243226212,True,0,0,2,True,"{'boundary_present': True, 'consecutive_max_rows': True, 'travel_identical': True, 'steps_identical': True, 'is_expected_shared_maximum': True, 'phase_split_satisfied': True}",0.0,0.0,0,0,0,True,False,False,0.005,3.745,-0.01,3.74,3.755,752,1.0040106951871657,True,True,True,True,True,True,False,False,False,False,False,False,False,0,0,1,False,0,286.0,0.0404,False,,,
BKE_Redux_v1_Ultra_Light_03,DataLog_1.csv,BKE_Redux_v1_Ultra_Light_03/DataLog_1.csv,621f2de75e6ea87ae1f7ef764f16340f8ec3b969de185e488ea35ee129cb3ef8,953df2807e54abce3accd3f67ccdc2bf2ae2869f,acq_sha256:621f2de75e6ea87ae1f7ef764f16340f8ec3b969de185e488ea35ee129cb3ef8,54490,canonical_retention_authority,True,intake-qc-v1.4,test-imp 1.1.4,2,pass,False,,,,,,1532,0,0,True,True,True,34.0,34.0,179.0,1,0.14859359844810865,True,0,0,2,True,"{'boundary_present': True, 'consecutive_max_rows': True, 'travel_identical': True, 'steps_identical': True, 'is_expected_shared_maximum': True, 'phase_split_satisfied': True}",0.0,0.0,0,0,0,True,False,False,0.005,3.825,-0.005,3.8200000000000003,3.83,767,1.0026178010471203,True,True,True,True,True,True,False,False,False,False,False,False,False,0,0,1,False,0,4095.0,0.7397,False,,,
BKE_Redux_v1_Ultra_Light_03,DataLog_2.csv,BKE_Redux_v1_Ultra_Light_03/DataLog_2.csv,e0740dbc66396d47e7f0b0be6204c4165380cc7add35a60ad17a787d303c2845,50ce8f9297199ce086fb363a8bc6ffeb21302b09,acq_sha256:e0740dbc66396d47e7f0b0be6204c4165380cc7add35a60ad17a787d303c2845,56270,canonical_retention_authority,True,intake-qc-v1.4,test-imp 1.1.4,2,pass,False,,,,,,1536,0,0,True,True,True,34.0,34.0,146.0,2,0.14780600461893764,True,0,0,2,True,"{'boundary_present': True, 'consecutive_max_rows': True, 'travel_identical': True, 'steps_identical': True, 'is_expected_shared_maximum': True, 'phase_split_satisfied': True}",0.0,0.0,0,0,0,True,False,False,0.005,3.835,-0.005,3.83,3.84,769,1.0026109660574412,True,True,True,True,True,True,False,False,False,False,False,False,False,0,0,1,False,0,516.0,0.0929,False,,,
BKE_Redux_v1_Ultra_Light_03,DataLog_3.csv,BKE_Redux_v1_Ultra_Light_03/DataLog_3.csv,c154cf37717ec89521aa35b6b9bc4c13814f8c003ef7200c6003381efb0bc251,b206f928e56a617af5569de85e6f07dfb16c9e6f,acq_sha256:c154cf37717ec89521aa35b6b9bc4c13814f8c003ef7200c6003381efb0bc251,56266,canonical_retention_authority,True,intake-qc-v1.4,test-imp 1.1.4,2,pass_with_offset_note,False,,,,,,1536,0,0,True,True,True,34.0,34.0,191.0,1,0.14786007200477463,True,0,0,2,True,"{'boundary_present': True, 'consecutive_max_rows': True, 'travel_identical': True, 'steps_identical': True, 'is_expected_shared_maximum': True, 'phase_split_satisfied': True}",0.0,0.0,0,0,0,True,False,False,0.005,3.835,-0.005,3.83,3.84,769,1.0026109660574412,True,True,True,True,True,True,False,False,False,False,False,False,False,0,0,0,False,0,21.0,-0.0515,True,baseline_zero_offset,-0.005,return
Deskeys_Carrot_35g,DataLog_1.csv,Deskeys_Carrot_35g/DataLog_1.csv,a6b31ccaa38663fed8a9ad0813ebc6f3adceb1e2be22c2710633ac1cb9304ed8,0e169bcc4d7b470d1c70fae11c0c8df6e8be2ae7,acq_sha256:a6b31ccaa38663fed8a9ad0813ebc6f3adceb1e2be22c2710633ac1cb9304ed8,55787,canonical_retention_authority,True,intake-qc-v1.4,test-imp 1.1.4,2,pass_with_offset_note,False,,,,,,1588,0,0,True,True,True,34.0,34.0,213.0,1,0.14849909177730755,True,0,0,2,True,"{'boundary_present': True, 'consecutive_max_rows': True, 'travel_identical': True, 'steps_identical': True, 'is_expected_shared_maximum': True, 'phase_split_satisfied': True}",0.0,0.0,0,0,0,True,False,False,0.005,3.97,0.005,3.9650000000000003,3.9650000000000003,794,1.0,True,True,True,True,True,True,False,False,False,False,False,False,False,0,0,0,False,0,-7.0,-0.129,True,baseline_zero_offset,0.005,return
Deskeys_Carrot_35g,DataLog_2.csv,Deskeys_Carrot_35g/DataLog_2.csv,4c6146dbf211c53b291e4075e83450bd1d737c4a8fde718418aac5aab8992e63,b66abda841df324c713e652788e8e086518cd713,acq_sha256:4c6146dbf211c53b291e4075e83450bd1d737c4a8fde718418aac5aab8992e63,55484,canonical_retention_authority,True,intake-qc-v1.4,test-imp 1.1.4,2,pass,False,,,,,,1581,0,0,True,True,True,34.0,34.0,146.0,1,0.14816618589143218,True,0,0,2,True,"{'boundary_present': True, 'consecutive_max_rows': True, 'travel_identical': True, 'steps_identical': True, 'is_expected_shared_maximum': True, 'phase_split_satisfied': True}",0.0,0.0,0,0,0,True,False,False,0.005,3.945,-0.01,3.94,3.9549999999999996,792,1.0038071065989846,True,True,True,True,True,True,False,False,False,False,False,False,False,0,0,1,False,0,149.0,0.0292,False,,,
Deskeys_Carrot_35g,DataLog_3.csv,Deskeys_Carrot_35g/DataLog_3.csv,c2304883181c75db5296de0f60e40932fe03ffc8057260c51f01b41a90269012,30773e6ca6a6f7892e2955672e8007d2108b8a54,acq_sha256:c2304883181c75db5296de0f60e40932fe03ffc8057260c51f01b41a90269012,58718,canonical_retention_authority,True,intake-qc-v1.4,test-imp 1.1.4,2,pass_with_offset_note,False,,,,,,1581,0,0,True,True,True,34.0,34.0,147.0,2,0.14775380592135987,True,0,0,2,True,"{'boundary_present': True, 'consecutive_max_rows': True, 'travel_identical': True, 'steps_identical': True, 'is_expected_shared_maximum': True, 'phase_split_satisfied': True}",0.0,0.0,0,0,0,True,False,False,0.005,3.945,-0.01,3.94,3.9549999999999996,792,1.0038071065989846,True,True,True,True,True,True,False,False,False,False,False,False,False,0,0,0,False,0,-222.0,-0.1277,True,baseline_zero_offset,-0.01,return
Deskeys_Carrot_49g,DataLog_1.csv,Deskeys_Carrot_49g/DataLog_1.csv,f94efa4aba37050f89cf7a843af612f6f61722481a295aa615c02a5ec71cf96c,dcd19dfaace44e03b3cf2429f78091fb86c92400,acq_sha256:f94efa4aba37050f89cf7a843af612f6f61722481a295aa615c02a5ec71cf96c,55350,canonical_retention_authority,True,intake-qc-v1.4,test-imp 1.1.4,2,pass,False,,,,,,1561,0,0,True,True,True,34.0,34.0,201.0,1,0.1487874111752491,True,0,0,2,True,"{'boundary_present': True, 'consecutive_max_rows': True, 'travel_identical': True, 'steps_identical': True, 'is_expected_shared_maximum': True, 'phase_split_satisfied': True}",0.0,0.0,0,0,0,True,False,False,0.005,3.91,0.02,3.9050000000000002,3.89,779,0.996158770806658,True,True,True,True,True,True,False,False,False,False,False,False,False,0,0,0,False,0,2691.0,0.8506,False,,,
Deskeys_Carrot_49g,DataLog_2.csv,Deskeys_Carrot_49g/DataLog_2.csv,ccdb2ffabc07d2672a8416818c94dac71b50514fdd95d1af26307b004ec694d6,0d7bf2d99ad032b2e4a710783a5467aedd5f85e0,acq_sha256:ccdb2ffabc07d2672a8416818c94dac71b50514fdd95d1af26307b004ec694d6,56905,canonical_retention_authority,True,intake-qc-v1.4,test-imp 1.1.4,2,pass,False,,,,,,1558,0,0,True,True,True,34.0,34.0,135.0,2,0.14777016901568754,True,0,0,2,True,"{'boundary_present': True, 'consecutive_max_rows': True, 'travel_identical': True, 'steps_identical': True, 'is_expected_shared_maximum': True, 'phase_split_satisfied': True}",0.0,0.0,0,0,0,True,False,False,0.005,3.9,0.015,3.895,3.885,778,0.9974326059050064,True,True,True,True,True,True,False,False,False,False,False,False,False,0,0,0,False,0,2952.0,0.9097,False,,,
Deskeys_Carrot_49g,DataLog_3.csv,Deskeys_Carrot_49g/DataLog_3.csv,b19e9b2c1b3c03fa25f77f4621d617900c40bf6fd3c8713241f483ede6736d75,81d7c5ccada1c0d930255ce85f4bae82fdb65832,acq_sha256:b19e9b2c1b3c03fa25f77f4621d617900c40bf6fd3c8713241f483ede6736d75,56899,canonical_retention_authority,True,intake-qc-v1.4,test-imp 1.1.4,2,pass,False,,,,,,1558,0,0,True,True,True,34.0,34.0,146.0,1,0.1479694563689549,True,0,0,2,True,"{'boundary_present': True, 'consecutive_max_rows': True, 'travel_identical': True, 'steps_identical': True, 'is_expected_shared_maximum': True, 'phase_split_satisfied': True}",0.0,0.0,0,0,0,True,False,False,0.005,3.9,0.015,3.895,3.885,778,0.9974326059050064,True,True,True,True,True,True,False,False,False,False,False,False,False,0,0,0,False,0,2675.0,0.7574,False,,,
Deskeys_Carrot_60g,DataLog_1.csv,Deskeys_Carrot_60g/DataLog_1.csv,e0431173d4f373e2cfd2d6ecf84afb97f1665891c9963e819859769a27cb11f0,bec211a5351bd3cb9950ae1ef30d08548b72098a,acq_sha256:e0431173d4f373e2cfd2d6ecf84afb97f1665891c9963e819859769a27cb11f0,55908,canonical_retention_authority,True,intake-qc-v1.4,test-imp 1.1.4,2,pass,False,,,,,,1571,0,0,True,True,True,34.0,34.0,168.0,2,0.14827670772887622,True,0,0,2,True,"{'boundary_present': True, 'consecutive_max_rows': True, 'travel_identical': True, 'steps_identical': True, 'is_expected_shared_maximum': True, 'phase_split_satisfied': True}",0.0,0.0,0,0,0,True,False,False,0.005,3.92,-0.01,3.915,3.9299999999999997,787,1.0038314176245209,True,True,True,True,True,True,False,False,False,False,False,False,False,0,0,1,False,0,2718.0,0.913,False,,,
Deskeys_Carrot_60g,DataLog_2.csv,Deskeys_Carrot_60g/DataLog_2.csv,36a8f6d2d3f1fc3a2adcf07089fddb8fe32b72548e89145d8d8a513695ddff9d,147c15c90d10ee70f45d26a7577d568f79d40726,acq_sha256:36a8f6d2d3f1fc3a2adcf07089fddb8fe32b72548e89145d8d8a513695ddff9d,57416,canonical_retention_authority,True,intake-qc-v1.4,test-imp 1.1.4,2,pass_with_offset_note,False,,,,,,1569,0,0,True,True,True,34.0,34.0,169.0,1,0.1479596644991047,True,0,0,2,True,"{'boundary_present': True, 'consecutive_max_rows': True, 'travel_identical': True, 'steps_identical': True, 'is_expected_shared_maximum': True, 'phase_split_satisfied': True}",0.0,0.0,0,0,0,True,False,False,0.005,3.915,-0.01,3.91,3.925,786,1.0038363171355498,True,True,True,True,True,True,False,False,False,False,False,False,False,0,0,0,False,0,59.0,-0.0135,True,baseline_zero_offset,-0.01,return
Deskeys_Carrot_60g,DataLog_4.csv,Deskeys_Carrot_60g/DataLog_4.csv,93151823949d61ad2e41f78613de30cd971ba37e5265e1ab89ebac118ecb78b1,52c291923d4edf9c4048ff8f42e616dadc820d64,acq_sha256:93151823949d61ad2e41f78613de30cd971ba37e5265e1ab89ebac118ecb78b1,55868,canonical_retention_authority,True,intake-qc-v1.4,test-imp 1.1.4,2,pass,False,,,,,,1572,0,0,True,True,True,34.0,34.0,179.0,1,0.14816632377644817,True,0,0,2,True,"{'boundary_present': True, 'consecutive_max_rows': True, 'travel_identical': True, 'steps_identical': True, 'is_expected_shared_maximum': True, 'phase_split_satisfied': True}",0.0,0.0,0,0,0,True,False,False,0.005,3.93,0.005,3.9250000000000003,3.9250000000000003,786,1.0,True,True,True,True,True,True,False,False,False,False,False,False,False,0,0,0,False,0,2963.0,0.4781,False,,,
Deskeys_T1_Blue_56g,DataLog_1.csv,Deskeys_T1_Blue_56g/DataLog_1.csv,6a1701bbd8cbad3ecf141fdb18c7e64ad07e839374c32aea22876522c5e8745b,8f093a6608ce718a34c27a020e070efcd800d124,acq_sha256:6a1701bbd8cbad3ecf141fdb18c7e64ad07e839374c32aea22876522c5e8745b,60971,canonical_retention_authority,True,intake-qc-v1.4,test-imp 1.1.4,2,pass_with_offset_note,False,,,,,,1720,0,0,True,True,True,34.0,34.0,169.0,2,0.14789690260153923,True,0,0,2,True,"{'boundary_present': True, 'consecutive_max_rows': True, 'travel_identical': True, 'steps_identical': True, 'is_expected_shared_maximum': True, 'phase_split_satisfied': True}",0.0,0.0,0,0,0,True,False,False,0.005,4.3,0.005,4.295,4.295,860,1.0,True,True,True,True,True,True,False,False,False,False,False,False,False,0,0,1,False,0,132.0,-0.0584,True,baseline_zero_offset,0.005,return
Deskeys_T1_Blue_56g,DataLog_2.csv,Deskeys_T1_Blue_56g/DataLog_2.csv,bff675b2a4de6ddb607ba4df4508150cafe23c2e183d326004404f6446001a63,61443a457f8eb6191d2bc5f2f8e3d21d3acfa376,acq_sha256:bff675b2a4de6ddb607ba4df4508150cafe23c2e183d326004404f6446001a63,62683,canonical_retention_authority,True,intake-qc-v1.4,test-imp 1.1.4,2,pass,False,,,,,,1717,0,0,True,True,True,34.0,34.0,146.0,1,0.14806260341974628,True,0,0,2,True,"{'boundary_present': True, 'consecutive_max_rows': True, 'travel_identical': True, 'steps_identical': True, 'is_expected_shared_maximum': True, 'phase_split_satisfied': True}",0.0,0.0,0,0,0,True,False,False,0.005,4.285,-0.01,4.28,4.295,860,1.0035046728971961,True,True,True,True,True,True,False,False,False,False,False,False,False,0,0,0,False,0,140.0,0.0407,False,,,
Deskeys_T1_Cheese_28g,DataLog_1.csv,Deskeys_T1_Cheese_28g/DataLog_1.csv,114d4f0846e4c115332ab17dc94f935a5ef51aa24ede9238647a58d31c7b1dc9,6b3bbac136cfb06c13e937b66b3a384a99afba77,acq_sha256:114d4f0846e4c115332ab17dc94f935a5ef51aa24ede9238647a58d31c7b1dc9,61320,canonical_retention_authority,True,intake-qc-v1.4,test-imp 1.1.4,2,pass,False,,,,,,1755,0,0,True,True,True,34.0,34.0,202.0,1,0.14818945269596662,True,0,0,2,True,"{'boundary_present': True, 'consecutive_max_rows': True, 'travel_identical': True, 'steps_identical': True, 'is_expected_shared_maximum': True, 'phase_split_satisfied': True}",0.0,0.0,0,0,0,True,False,False,0.005,4.39,0.01,4.385,4.38,877,0.9988597491448119,True,True,True,True,True,True,False,False,False,False,False,False,False,0,0,1,False,0,1313.0,0.2832,False,,,
Deskeys_T1_Cheese_28g,DataLog_2.csv,Deskeys_T1_Cheese_28g/DataLog_2.csv,8995fc1b366475cddac92f68382b2da521a4e27317791a2d8ab39fafa60dacad,f2c1ecf69167ee60e8725534c4e58557c2c51907,acq_sha256:8995fc1b366475cddac92f68382b2da521a4e27317791a2d8ab39fafa60dacad,62291,canonical_retention_authority,True,intake-qc-v1.4,test-imp 1.1.4,2,pass,False,,,,,,1754,0,0,True,True,True,34.0,34.0,203.0,1,0.14795694570975468,True,0,0,2,True,"{'boundary_present': True, 'consecutive_max_rows': True, 'travel_identical': True, 'steps_identical': True, 'is_expected_shared_maximum': True, 'phase_split_satisfied': True}",0.0,0.0,0,0,0,True,False,False,0.005,4.38,-0.005,4.375,4.385,878,1.0022857142857142,True,True,True,True,True,True,False,False,False,False,False,False,False,0,0,0,False,0,178.0,0.0446,False,,,
Deskeys_T1_Coffee_63g,DataLog_1.csv,Deskeys_T1_Coffee_63g/DataLog_1.csv,0dfb5f192ab556a95cac5f15720002b98186f28549009f10758cdadc388897f3,46b7f1c64c23b8afb7779badcddcd4aef43997d8,acq_sha256:0dfb5f192ab556a95cac5f15720002b98186f28549009f10758cdadc388897f3,61065,canonical_retention_authority,True,intake-qc-v1.4,test-imp 1.1.4,2,pass,False,,,,,,1719,0,0,True,True,True,34.0,34.0,191.0,1,0.14820310208588533,True,0,0,2,True,"{'boundary_present': True, 'consecutive_max_rows': True, 'travel_identical': True, 'steps_identical': True, 'is_expected_shared_maximum': True, 'phase_split_satisfied': True}",0.0,0.0,0,0,0,True,False,False,0.005,4.295,0.0,4.29,4.295,860,1.0011655011655012,True,True,True,True,True,True,False,False,False,False,False,False,False,0,0,1,False,0,2651.0,0.8588,False,,,
Deskeys_T1_Coffee_63g,DataLog_2.csv,Deskeys_T1_Coffee_63g/DataLog_2.csv,e5c8d905926eeaa3fb053ebd3585765943b3e8e2db781ec20fb0b0146ff1d4a2,1debd43da8cc1e39ae6179075d096bfc02b631d4,acq_sha256:e5c8d905926eeaa3fb053ebd3585765943b3e8e2db781ec20fb0b0146ff1d4a2,62713,canonical_retention_authority,True,intake-qc-v1.4,test-imp 1.1.4,2,pass,False,,,,,,1716,0,0,True,True,True,34.0,34.0,202.0,2,0.14743578715571076,True,0,0,2,True,"{'boundary_present': True, 'consecutive_max_rows': True, 'travel_identical': True, 'steps_identical': True, 'is_expected_shared_maximum': True, 'phase_split_satisfied': True}",0.0,0.0,0,0,0,True,False,False,0.005,4.29,0.005,4.285,4.285,858,1.0,True,True,True,True,True,True,False,False,False,False,False,False,False,0,0,1,False,0,2901.0,0.8129,False,,,
Deskeys_T1_Darkside_100g,DataLog_1.csv,Deskeys_T1_Darkside_100g/DataLog_1.csv,4d2c089aea99b8f7caa2c87cf99d89864edba0912d219bfbe6a2da955ce05a24,c24698b5a5d64c41a8d4ea90ec90e2e082189f00,acq_sha256:4d2c089aea99b8f7caa2c87cf99d89864edba0912d219bfbe6a2da955ce05a24,61267,canonical_retention_authority,True,intake-qc-v1.4,test-imp 1.1.4,2,review,False,,,,,,1667,0,0,True,True,True,34.0,34.0,191.0,1,0.146590969012005,True,0,0,2,True,"{'boundary_present': True, 'consecutive_max_rows': True, 'travel_identical': True, 'steps_identical': True, 'is_expected_shared_maximum': True, 'phase_split_satisfied': True}",0.0,0.0,0,0,0,True,False,False,0.005,4.16,-0.01,4.155,4.17,835,1.003610108303249,True,True,True,True,True,True,False,False,False,False,False,False,False,1,0,0,False,1,-161.0,0.0098,True,baseline_zero_offset,-0.01,return
Deskeys_T1_Darkside_100g,DataLog_2.csv,Deskeys_T1_Darkside_100g/DataLog_2.csv,af477077e9901137655faaa1cb4024ece7a85374d2b829ab9299d435b5506468,e004fa8cea028c190bbcf3a86aa3881b2aae6ee4,acq_sha256:af477077e9901137655faaa1cb4024ece7a85374d2b829ab9299d435b5506468,59557,canonical_retention_authority,True,intake-qc-v1.4,test-imp 1.1.4,2,pass,False,,,,,,1669,0,0,True,True,True,34.0,34.0,168.0,1,0.14866380614951838,True,0,0,2,True,"{'boundary_present': True, 'consecutive_max_rows': True, 'travel_identical': True, 'steps_identical': True, 'is_expected_shared_maximum': True, 'phase_split_satisfied': True}",0.0,0.0,0,0,0,True,False,False,0.005,4.165,-0.01,4.16,4.175,836,1.0036057692307692,True,True,True,True,True,True,False,False,False,False,False,False,False,0,0,1,False,0,467.0,0.1027,False,,,
Deskeys_T1_Green_85g,DataLog_1.csv,Deskeys_T1_Green_85g/DataLog_1.csv,1305f06040a1dd1853eacf81b1d904a8065d432e458fab1e326d66f26e1fc6ef,46729b99e7d2995bbbd9a358018499860a4ddb3d,acq_sha256:1305f06040a1dd1853eacf81b1d904a8065d432e458fab1e326d66f26e1fc6ef,59878,canonical_retention_authority,True,intake-qc-v1.4,test-imp 1.1.4,2,pass,False,,,,,,1683,0,0,True,True,True,34.0,34.0,191.0,2,0.14802428936020418,True,0,0,2,True,"{'boundary_present': True, 'consecutive_max_rows': True, 'travel_identical': True, 'steps_identical': True, 'is_expected_shared_maximum': True, 'phase_split_satisfied': True}",0.0,0.0,0,0,0,True,False,False,0.005,4.205,0.0,4.2,4.205,842,1.0011904761904762,True,True,True,True,True,True,False,False,False,False,False,False,False,0,0,0,False,0,444.0,0.0614,False,,,
Deskeys_T1_Green_85g,DataLog_2.csv,Deskeys_T1_Green_85g/DataLog_2.csv,2172c671eef800a8c57122b37bfbc11f95c7f023bdc2dc225444e4bff2012baa,2bcebbc1a2f4130d8fad0722037bac23f406b28a,acq_sha256:2172c671eef800a8c57122b37bfbc11f95c7f023bdc2dc225444e4bff2012baa,61616,canonical_retention_authority,True,intake-qc-v1.4,test-imp 1.1.4,2,pass,False,,,,,,1682,0,0,True,True,True,34.0,34.0,225.0,2,0.1476312375074517,True,0,0,2,True,"{'boundary_present': True, 'consecutive_max_rows': True, 'travel_identical': True, 'steps_identical': True, 'is_expected_shared_maximum': True, 'phase_split_satisfied': True}",0.0,0.0,0,0,0,True,False,False,0.005,4.195,-0.015,4.19,4.21,843,1.0047732696897373,True,True,True,True,True,True,False,False,False,False,False,False,False,0,0,1,False,0,126.0,0.0364,False,,,
Deskeys_T1_Grey_70g,DataLog_1.csv,Deskeys_T1_Grey_70g/DataLog_1.csv,b58faf4ff2ad6e900b39dc59a9d8bace6c3d6659ebc9e4a335e13c99b2f7ff9a,7126c5794a1be6ed2d4a5671586a1c9aef4bbf0f,acq_sha256:b58faf4ff2ad6e900b39dc59a9d8bace6c3d6659ebc9e4a335e13c99b2f7ff9a,60473,canonical_retention_authority,True,intake-qc-v1.4,test-imp 1.1.4,2,pass,False,,,,,,1702,0,0,True,True,True,34.0,34.0,201.0,2,0.14815459610027856,True,0,0,2,True,"{'boundary_present': True, 'consecutive_max_rows': True, 'travel_identical': True, 'steps_identical': True, 'is_expected_shared_maximum': True, 'phase_split_satisfied': True}",0.0,0.0,0,0,0,True,False,False,0.005,4.25,-0.005,4.245,4.255,852,1.0023557126030624,True,True,True,True,True,True,False,False,False,False,False,False,False,0,0,1,False,0,297.0,0.0857,False,,,
Deskeys_T1_Grey_70g,DataLog_2.csv,Deskeys_T1_Grey_70g/DataLog_2.csv,1055e872a5e5e984e0003b62d6671d4f221e84b45f2c03c32905b07120a8ad26,c0cff49384b89a40247e924b46250517868b8a05,acq_sha256:1055e872a5e5e984e0003b62d6671d4f221e84b45f2c03c32905b07120a8ad26,62253,canonical_retention_authority,True,intake-qc-v1.4,test-imp 1.1.4,2,pass,False,,,,,,1703,0,0,True,True,True,34.0,34.0,169.0,1,0.14822289104225744,True,0,0,2,True,"{'boundary_present': True, 'consecutive_max_rows': True, 'travel_identical': True, 'steps_identical': True, 'is_expected_shared_maximum': True, 'phase_split_satisfied': True}",0.0,0.0,0,0,0,True,False,False,0.005,4.25,-0.01,4.245,4.26,853,1.0035335689045937,True,True,True,True,True,True,False,False,False,False,False,False,False,0,0,1,False,0,3597.0,0.6905,False,,,
Deskeys_T1_Pink_42g,DataLog_1.csv,Deskeys_T1_Pink_42g/DataLog_1.csv,63ddd76ce7a395aade1050cc45f15a14128753e9a3f28848c4abd75ddda11a5b,a89d6737645bbd37bd0fd89f468ec13341ec3cce,acq_sha256:63ddd76ce7a395aade1050cc45f15a14128753e9a3f28848c4abd75ddda11a5b,60830,canonical_retention_authority,True,intake-qc-v1.4,test-imp 1.1.4,2,pass,False,,,,,,1720,0,0,True,True,True,34.0,34.0,180.0,2,0.14819665351277764,True,0,0,2,True,"{'boundary_present': True, 'consecutive_max_rows': True, 'travel_identical': True, 'steps_identical': True, 'is_expected_shared_maximum': True, 'phase_split_satisfied': True}",0.0,0.0,0,0,0,True,False,False,0.005,4.295,-0.005,4.29,4.3,861,1.0023310023310024,True,True,True,True,True,True,False,False,False,False,False,False,False,0,0,1,False,0,419.0,0.1556,False,,,
Deskeys_T1_Pink_42g,DataLog_2.csv,Deskeys_T1_Pink_42g/DataLog_2.csv,156f0c9ccb0dd7d62537de6cb5d7e9f1c7595f4895f9de6b90974e2a47eace61,42b20160483be7f5a8d2a54aca8fe7a5a8a4685f,acq_sha256:156f0c9ccb0dd7d62537de6cb5d7e9f1c7595f4895f9de6b90974e2a47eace61,60759,canonical_retention_authority,True,intake-qc-v1.4,test-imp 1.1.4,2,pass_with_offset_note,False,,,,,,1718,0,0,True,True,True,34.0,34.0,145.0,1,0.14848322657504445,True,0,0,2,True,"{'boundary_present': True, 'consecutive_max_rows': True, 'travel_identical': True, 'steps_identical': True, 'is_expected_shared_maximum': True, 'phase_split_satisfied': True}",0.0,0.0,0,0,0,True,False,False,0.005,4.285,-0.015,4.28,4.3,861,1.0046728971962615,True,True,True,True,True,True,False,False,False,False,False,False,False,0,0,1,False,0,209.0,-0.0003,True,baseline_zero_offset,-0.015,return
Deskeys_T1_Purple_49g,DataLog_1.csv,Deskeys_T1_Purple_49g/DataLog_1.csv,50b4fa5241945fb714bbcf12b868ad58e2ef25f688a11ccee5a151cef69dc61a,bd3ca36957d7a7146e675fe2ef3d1450d07af892,acq_sha256:50b4fa5241945fb714bbcf12b868ad58e2ef25f688a11ccee5a151cef69dc61a,61127,canonical_retention_authority,True,intake-qc-v1.4,test-imp 1.1.4,2,pass_with_offset_note,False,,,,,,1726,0,0,True,True,True,34.0,34.0,202.0,2,0.1477773396650152,True,0,0,2,True,"{'boundary_present': True, 'consecutive_max_rows': True, 'travel_identical': True, 'steps_identical': True, 'is_expected_shared_maximum': True, 'phase_split_satisfied': True}",0.0,0.0,0,0,0,True,False,False,0.005,4.315,0.005,4.3100000000000005,4.3100000000000005,863,1.0,True,True,True,True,True,True,False,False,False,False,False,False,False,0,0,1,False,0,229.0,-0.0072,True,baseline_zero_offset,0.005,return
Deskeys_T1_Purple_49g,DataLog_2.csv,Deskeys_T1_Purple_49g/DataLog_2.csv,7ed5287c2891d704ad3803d4766866766b04b46451058334e5e47677599b464c,4bb96782e78ccbdd9b0d81f59b2058ec3e3b6c65,acq_sha256:7ed5287c2891d704ad3803d4766866766b04b46451058334e5e47677599b464c,62794,canonical_retention_authority,True,intake-qc-v1.4,test-imp 1.1.4,2,pass_with_offset_note,False,,,,,,1724,0,0,True,True,True,34.0,34.0,180.0,1,0.1477190938067656,True,0,0,2,True,"{'boundary_present': True, 'consecutive_max_rows': True, 'travel_identical': True, 'steps_identical': True, 'is_expected_shared_maximum': True, 'phase_split_satisfied': True}",0.0,0.0,0,0,0,True,False,False,0.005,4.305,-0.005,4.3,4.31,863,1.0023255813953489,True,True,True,True,True,True,False,False,False,False,False,False,False,0,0,1,False,0,-198.0,-0.0351,True,baseline_zero_offset,-0.005,return
Deskeys_T1_Tiffany_35g,DataLog_1.csv,Deskeys_T1_Tiffany_35g/DataLog_1.csv,47b1042cdf34aee18cf6ae90da91334af5e4c75575249bd643458bb079e47299,a1b6f77b1903abdb4d3f567d1692261337691d03,acq_sha256:47b1042cdf34aee18cf6ae90da91334af5e4c75575249bd643458bb079e47299,60746,canonical_retention_authority,True,intake-qc-v1.4,test-imp 1.1.4,2,pass,False,,,,,,1727,0,0,True,True,True,34.0,34.0,190.0,2,0.1480528392520158,True,0,0,2,True,"{'boundary_present': True, 'consecutive_max_rows': True, 'travel_identical': True, 'steps_identical': True, 'is_expected_shared_maximum': True, 'phase_split_satisfied': True}",0.0,0.0,0,0,0,True,False,False,0.005,4.315,0.0,4.3100000000000005,4.315,864,1.0011600928074245,True,True,True,True,True,True,False,False,False,False,False,False,False,0,0,1,False,0,185.0,0.1198,False,,,
Deskeys_T1_Tiffany_35g,DataLog_2.csv,Deskeys_T1_Tiffany_35g/DataLog_2.csv,f5ce6e37e6c98747afc15eddba2091589627df948186f609489239bd0f140255,f0b847d0b9757dbba012988d3aed258ea09087d7,acq_sha256:f5ce6e37e6c98747afc15eddba2091589627df948186f609489239bd0f140255,62521,canonical_retention_authority,True,intake-qc-v1.4,test-imp 1.1.4,2,pass,False,,,,,,1725,0,0,True,True,True,34.0,34.0,191.0,1,0.14791580968051554,True,0,0,2,True,"{'boundary_present': True, 'consecutive_max_rows': True, 'travel_identical': True, 'steps_identical': True, 'is_expected_shared_maximum': True, 'phase_split_satisfied': True}",0.0,0.0,0,0,0,True,False,False,0.005,4.305,-0.01,4.3,4.3149999999999995,864,1.0034883720930232,True,True,True,True,True,True,False,False,False,False,False,False,False,0,0,1,False,0,184.0,0.0699,False,,,
Deskeys_V1_Blue_56g,DataLog_1.csv,Deskeys_V1_Blue_56g/DataLog_1.csv,129cca972784f27aef2b201c259f1de563c8082138e5d85a01449541552493e5,05b165b9d14b0ad976b3c853183b9dccef8214a2,acq_sha256:129cca972784f27aef2b201c259f1de563c8082138e5d85a01449541552493e5,55607,canonical_retention_authority,True,intake-qc-v1.4,test-imp 1.1.4,2,pass,False,,,,,,1567,0,0,True,True,True,34.0,34.0,212.0,1,0.14828983750615507,True,0,0,2,True,"{'boundary_present': True, 'consecutive_max_rows': True, 'travel_identical': True, 'steps_identical': True, 'is_expected_shared_maximum': True, 'phase_split_satisfied': True}",0.0,0.0,0,0,0,True,False,False,0.005,3.915,0.0,3.91,3.915,784,1.0012787723785166,True,True,True,True,True,True,False,False,False,False,False,False,False,0,0,0,False,0,203.0,0.0627,False,,,
Deskeys_V1_Blue_56g,DataLog_2.csv,Deskeys_V1_Blue_56g/DataLog_2.csv,f5e1504ac678436763f9e02d34c86a300b008e8957a6c715c56bb5871e2cebb9,c1a13d9e5a2f3beb9366115cd321ef24930963bd,acq_sha256:f5e1504ac678436763f9e02d34c86a300b008e8957a6c715c56bb5871e2cebb9,57080,canonical_retention_authority,True,intake-qc-v1.4,test-imp 1.1.4,2,pass_with_offset_note,False,,,,,,1563,0,0,True,True,True,34.0,34.0,191.0,2,0.1477506754586506,True,0,0,2,True,"{'boundary_present': True, 'consecutive_max_rows': True, 'travel_identical': True, 'steps_identical': True, 'is_expected_shared_maximum': True, 'phase_split_satisfied': True}",0.0,0.0,0,0,0,True,False,False,0.005,3.9,-0.01,3.895,3.9099999999999997,783,1.0038510911424903,True,True,True,True,True,True,False,False,False,False,False,False,False,0,0,1,False,0,287.0,-0.0348,True,baseline_zero_offset,-0.01,return
Deskeys_V1_Pink_42g,DataLog_1.csv,Deskeys_V1_Pink_42g/DataLog_1.csv,84b67766201177bd230d436ec4902f9a153e0fc8d55ea0b3111e32498a03b1b2,f9f5f96115f7c25c771574bdda3a78123816f944,acq_sha256:84b67766201177bd230d436ec4902f9a153e0fc8d55ea0b3111e32498a03b1b2,56305,canonical_retention_authority,True,intake-qc-v1.4,test-imp 1.1.4,2,pass,False,,,,,,1596,0,0,True,True,True,34.0,34.0,178.0,2,0.14849739201455275,True,0,0,2,True,"{'boundary_present': True, 'consecutive_max_rows': True, 'travel_identical': True, 'steps_identical': True, 'is_expected_shared_maximum': True, 'phase_split_satisfied': True}",0.0,0.0,0,0,0,True,False,False,0.005,4.005,0.035,4.0,3.9699999999999998,795,0.9924999999999999,True,True,True,True,True,True,False,False,False,False,False,False,False,0,0,0,False,0,2623.0,0.8503,False,,,
Deskeys_V1_Pink_42g,DataLog_2.csv,Deskeys_V1_Pink_42g/DataLog_2.csv,5231f023ed0e16e83b2a48707893b19e6aee59dec4a0c340073bf07d571863bf,9265636eba4aad0a47f7d589bbb892a5095beb82,acq_sha256:5231f023ed0e16e83b2a48707893b19e6aee59dec4a0c340073bf07d571863bf,57852,canonical_retention_authority,True,intake-qc-v1.4,test-imp 1.1.4,2,pass,False,,,,,,1592,0,0,True,True,True,34.0,34.0,158.0,1,0.14819216698545937,True,0,0,2,True,"{'boundary_present': True, 'consecutive_max_rows': True, 'travel_identical': True, 'steps_identical': True, 'is_expected_shared_maximum': True, 'phase_split_satisfied': True}",0.0,0.0,0,0,0,True,False,False,0.005,3.995,0.035,3.99,3.96,793,0.9924812030075187,True,True,True,True,True,True,False,False,False,False,False,False,False,0,0,1,False,0,3062.0,0.9638,False,,,
Deskeys_V1_Pink_42g,DataLog_3.csv,Deskeys_V1_Pink_42g/DataLog_3.csv,e81266fc88b4cc48f6fe1c4e782533c521b08f7187ee131093cae2336e63dfba,01a4c5e911704bbc318103b2d575c1094adf1f9c,acq_sha256:e81266fc88b4cc48f6fe1c4e782533c521b08f7187ee131093cae2336e63dfba,56049,canonical_retention_authority,True,intake-qc-v1.4,test-imp 1.1.4,2,pass,False,,,,,,1588,0,0,True,True,True,34.0,34.0,180.0,1,0.1485314372929308,True,0,0,2,True,"{'boundary_present': True, 'consecutive_max_rows': True, 'travel_identical': True, 'steps_identical': True, 'is_expected_shared_maximum': True, 'phase_split_satisfied': True}",0.0,0.0,0,0,0,True,False,False,0.005,3.995,0.055,3.99,3.94,789,0.9874686716791979,True,True,True,True,True,True,False,False,False,False,False,False,False,0,0,1,False,0,2766.0,0.9812,False,,,
Deskeys_V1_Purple_49g,DataLog_1.csv,Deskeys_V1_Purple_49g/DataLog_1.csv,a4f30f4749b4373a88d8df2ac0406371cae5a7b73c9bf9a5e45f6374114c9b60,27aad1092ac6571035b686bb98b9bb800592b5f2,acq_sha256:a4f30f4749b4373a88d8df2ac0406371cae5a7b73c9bf9a5e45f6374114c9b60,55942,canonical_retention_authority,True,intake-qc-v1.4,test-imp 1.1.4,2,pass,False,,,,,,1576,0,0,True,True,True,34.0,34.0,212.0,2,0.14807020181141717,True,0,0,2,True,"{'boundary_present': True, 'consecutive_max_rows': True, 'travel_identical': True, 'steps_identical': True, 'is_expected_shared_maximum': True, 'phase_split_satisfied': True}",0.0,0.0,0,0,0,True,False,False,0.005,3.935,-0.005,3.93,3.94,789,1.0025445292620865,True,True,True,True,True,True,False,False,False,False,False,False,False,0,0,1,False,0,217.0,0.0935,False,,,
Deskeys_V1_Purple_49g,DataLog_2.csv,Deskeys_V1_Purple_49g/DataLog_2.csv,e1bc867495c0583403e17299ea6fcac0a1212130b466e1be8c9b1812480a7290,1b6394234a0583d9325a3b0708526e5a31b970a4,acq_sha256:e1bc867495c0583403e17299ea6fcac0a1212130b466e1be8c9b1812480a7290,57451,canonical_retention_authority,True,intake-qc-v1.4,test-imp 1.1.4,2,pass,False,,,,,,1573,0,0,True,True,True,34.0,34.0,169.0,1,0.14792788045319383,True,0,0,2,True,"{'boundary_present': True, 'consecutive_max_rows': True, 'travel_identical': True, 'steps_identical': True, 'is_expected_shared_maximum': True, 'phase_split_satisfied': True}",0.0,0.0,0,0,0,True,False,False,0.005,3.93,0.0,3.9250000000000003,3.93,787,1.0012738853503185,True,True,True,True,True,True,False,False,False,False,False,False,False,0,0,0,False,0,3138.0,0.6416,False,,,
Deskeys_V1_Tiffany_35g,DataLog_1.csv,Deskeys_V1_Tiffany_35g/DataLog_1.csv,b73eebe9bf9622ab4afffd67c762b21b8923619b331eede2983fc0390057451f,76ba562f94d3548f3c2c32c77ab7a436d7f367e1,acq_sha256:b73eebe9bf9622ab4afffd67c762b21b8923619b331eede2983fc0390057451f,55828,canonical_retention_authority,True,intake-qc-v1.4,test-imp 1.1.4,2,pass,False,,,,,,1587,0,0,True,True,True,34.0,34.0,201.0,2,0.14913965064036838,True,0,0,2,True,"{'boundary_present': True, 'consecutive_max_rows': True, 'travel_identical': True, 'steps_identical': True, 'is_expected_shared_maximum': True, 'phase_split_satisfied': True}",0.0,0.0,0,0,0,True,False,False,0.005,4.005,0.08,4.0,3.925,786,0.98125,True,True,True,True,True,True,False,False,False,False,False,False,False,0,0,1,False,0,3156.0,0.9635,False,,,
Deskeys_V1_Tiffany_35g,DataLog_2.csv,Deskeys_V1_Tiffany_35g/DataLog_2.csv,156e188cbea6474fc7e4907668208398c2da3463119dec99b950d03316995656,0257248eb829c3a4f9fe7e1247f0d82609df5dc0,acq_sha256:156e188cbea6474fc7e4907668208398c2da3463119dec99b950d03316995656,57273,canonical_retention_authority,True,intake-qc-v1.4,test-imp 1.1.4,2,pass,False,,,,,,1583,0,0,True,True,True,34.0,34.0,180.0,1,0.14919234220759797,True,0,0,2,True,"{'boundary_present': True, 'consecutive_max_rows': True, 'travel_identical': True, 'steps_identical': True, 'is_expected_shared_maximum': True, 'phase_split_satisfied': True}",0.0,0.0,0,0,0,True,False,False,0.005,3.995,0.08,3.99,3.915,784,0.981203007518797,True,True,True,True,True,True,False,False,False,False,False,False,False,0,0,0,False,0,2986.0,0.9632,False,,,
Deskeys_V2_Blue_56g,DataLog_1.csv,Deskeys_V2_Blue_56g/DataLog_1.csv,43b7f5a21f88af7aa51edaf0afb390e4d9d4f27a16517fa40c500a4f3f8bd938,c3fc56a57638e8942badc9903f40c9ce2baf5e4f,acq_sha256:43b7f5a21f88af7aa51edaf0afb390e4d9d4f27a16517fa40c500a4f3f8bd938,56458,canonical_retention_authority,True,intake-qc-v1.4,test-imp 1.1.4,2,pass,False,,,,,,1589,0,0,True,True,True,34.0,34.0,201.0,2,0.1484372082602039,True,0,0,2,True,"{'boundary_present': True, 'consecutive_max_rows': True, 'travel_identical': True, 'steps_identical': True, 'is_expected_shared_maximum': True, 'phase_split_satisfied': True}",0.0,0.0,0,0,0,True,False,False,0.005,3.98,0.02,3.975,3.96,793,0.9962264150943396,True,True,True,True,True,True,False,False,False,False,False,False,False,0,0,0,False,0,3111.0,0.9264,False,,,
Deskeys_V2_Blue_56g,DataLog_2.csv,Deskeys_V2_Blue_56g/DataLog_2.csv,57d4ba6af29c5866d53fa822fff8f8c1d7dccbec4139562b68ce5f2bb2136ce0,278d45dcff1088e96576a45f0ba12aa5a1da9d1a,acq_sha256:57d4ba6af29c5866d53fa822fff8f8c1d7dccbec4139562b68ce5f2bb2136ce0,58061,canonical_retention_authority,True,intake-qc-v1.4,test-imp 1.1.4,2,pass,False,,,,,,1587,0,0,True,True,True,34.0,34.0,168.0,1,0.1480444319985065,True,0,0,2,True,"{'boundary_present': True, 'consecutive_max_rows': True, 'travel_identical': True, 'steps_identical': True, 'is_expected_shared_maximum': True, 'phase_split_satisfied': True}",0.0,0.0,0,0,0,True,False,False,0.005,3.97,0.01,3.9650000000000003,3.9600000000000004,793,0.9987389659520808,True,True,True,True,True,True,False,False,False,False,False,False,False,0,0,1,False,0,2118.0,0.7794,False,,,
Deskeys_V2_Brown_63g,DataLog_1.csv,Deskeys_V2_Brown_63g/DataLog_1.csv,a73c90dd28b085295850b865908a2efb58955b2e5504403a3f0800c55b3305c9,af586e4fd9b7022acccb1a885c7c44f06cc69667,acq_sha256:a73c90dd28b085295850b865908a2efb58955b2e5504403a3f0800c55b3305c9,56169,canonical_retention_authority,True,intake-qc-v1.4,test-imp 1.1.4,2,pass,False,,,,,,1578,0,0,True,True,True,34.0,34.0,67.0,0,0.14871359909527848,True,0,0,2,True,"{'boundary_present': True, 'consecutive_max_rows': True, 'travel_identical': True, 'steps_identical': True, 'is_expected_shared_maximum': True, 'phase_split_satisfied': True}",0.0,0.0,0,0,0,True,False,False,0.005,3.94,-0.005,3.935,3.945,790,1.002541296060991,True,True,True,True,True,True,False,False,False,False,False,False,False,0,0,0,False,0,2513.0,0.4378,False,,,
Deskeys_V2_Brown_63g,DataLog_2.csv,Deskeys_V2_Brown_63g/DataLog_2.csv,f945b5d1e0b81dec331e8a18de50795bec61c6dc3a52942819229995a63f3232,abc2dab64101a6c3e809e17ba9dca8bf6bb931c4,acq_sha256:f945b5d1e0b81dec331e8a18de50795bec61c6dc3a52942819229995a63f3232,57855,canonical_retention_authority,True,intake-qc-v1.4,test-imp 1.1.4,2,pass,False,,,,,,1577,0,0,True,True,True,34.0,34.0,191.0,2,0.14747663551401868,True,0,0,2,True,"{'boundary_present': True, 'consecutive_max_rows': True, 'travel_identical': True, 'steps_identical': True, 'is_expected_shared_maximum': True, 'phase_split_satisfied': True}",0.0,0.0,0,0,0,True,False,False,0.005,3.935,-0.01,3.93,3.945,790,1.0038167938931297,True,True,True,True,True,True,False,False,False,False,False,False,False,0,0,0,False,0,2751.0,0.5815,False,,,
Deskeys_V2_Green_70g,DataLog_1.csv,Deskeys_V2_Green_70g/DataLog_1.csv,b23c4efa43f8fe126d74f8b496f8fe4c116c85b17cc30e071abb0221d7c10285,29d7057df668a8182ee8ccb6db1b1329e20daf31,acq_sha256:b23c4efa43f8fe126d74f8b496f8fe4c116c85b17cc30e071abb0221d7c10285,55093,canonical_retention_authority,True,intake-qc-v1.4,test-imp 1.1.4,2,pass,False,,,,,,1545,0,0,True,True,True,34.0,34.0,134.0,1,0.14833317321548659,True,0,0,2,True,"{'boundary_present': True, 'consecutive_max_rows': True, 'travel_identical': True, 'steps_identical': True, 'is_expected_shared_maximum': True, 'phase_split_satisfied': True}",0.0,0.0,0,0,0,True,False,False,0.005,3.86,0.0,3.855,3.86,773,1.0012970168612192,True,True,True,True,True,True,False,False,False,False,False,False,False,0,0,1,False,0,3334.0,0.7144,False,,,
Deskeys_V2_Green_70g,DataLog_2.csv,Deskeys_V2_Green_70g/DataLog_2.csv,597f57d3148d01487437cd641cb4be1a7284ed16aeecbcb6d146a67590ac1728,b2175659f0dbc4ec262dc3b9577b142097ddf7db,acq_sha256:597f57d3148d01487437cd641cb4be1a7284ed16aeecbcb6d146a67590ac1728,56667,canonical_retention_authority,True,intake-qc-v1.4,test-imp 1.1.4,2,pass,False,,,,,,1543,0,0,True,True,True,34.0,34.0,203.0,2,0.14746895893027698,True,0,0,2,True,"{'boundary_present': True, 'consecutive_max_rows': True, 'travel_identical': True, 'steps_identical': True, 'is_expected_shared_maximum': True, 'phase_split_satisfied': True}",0.0,0.0,0,0,0,True,False,False,0.005,3.85,-0.01,3.845,3.86,773,1.0039011703511052,True,True,True,True,True,True,False,False,False,False,False,False,False,0,0,1,False,0,3001.0,0.7699,False,,,
Deskeys_V2_Pink_42g,DataLog_1.csv,Deskeys_V2_Pink_42g/DataLog_1.csv,8bf3849befffe44b5433ab5c48586b58dc747578676f9ca1b5fcdad880b97ccc,1a0f647757671c845dab1862c640f8e21f28174f,acq_sha256:8bf3849befffe44b5433ab5c48586b58dc747578676f9ca1b5fcdad880b97ccc,57142,canonical_retention_authority,True,intake-qc-v1.4,test-imp 1.1.4,2,pass,False,,,,,,1618,0,0,True,True,True,34.0,34.0,156.0,1,0.14869683490791458,True,0,0,2,True,"{'boundary_present': True, 'consecutive_max_rows': True, 'travel_identical': True, 'steps_identical': True, 'is_expected_shared_maximum': True, 'phase_split_satisfied': True}",0.0,0.0,0,0,0,True,False,False,0.005,4.04,-0.005,4.035,4.045,810,1.0024783147459726,True,True,True,True,True,True,False,False,False,False,False,False,False,0,0,0,False,0,1066.0,0.2163,False,,,
Deskeys_V2_Pink_42g,DataLog_2.csv,Deskeys_V2_Pink_42g/DataLog_2.csv,c125910b17c31f19b6d7af49562ba12a1b6823921903d2d94feab3aedfa1667d,8d2d07796c5a2d38785d7daca445d61d3740181c,acq_sha256:c125910b17c31f19b6d7af49562ba12a1b6823921903d2d94feab3aedfa1667d,57010,canonical_retention_authority,True,intake-qc-v1.4,test-imp 1.1.4,2,pass,False,,,,,,1616,0,0,True,True,True,34.0,34.0,180.0,2,0.14771750854677418,True,0,0,2,True,"{'boundary_present': True, 'consecutive_max_rows': True, 'travel_identical': True, 'steps_identical': True, 'is_expected_shared_maximum': True, 'phase_split_satisfied': True}",0.0,0.0,0,0,0,True,False,False,0.005,4.035,-0.005,4.03,4.04,809,1.0024813895781637,True,True,True,True,True,True,False,False,False,False,False,False,False,0,0,1,False,0,2837.0,0.8907,False,,,
Deskeys_V2_Purple_49g,DataLog_1.csv,Deskeys_V2_Purple_49g/DataLog_1.csv,725aae89915e8c48f9b71f43c409ae13ced65e10bba6a3a5c16cc432678c9853,0afceee1e249a2dee614627d5b9d80a9e9ee77f7,acq_sha256:725aae89915e8c48f9b71f43c409ae13ced65e10bba6a3a5c16cc432678c9853,56424,canonical_retention_authority,True,intake-qc-v1.4,test-imp 1.1.4,2,pass,False,,,,,,1586,0,0,True,True,True,34.0,34.0,168.0,1,0.1484184914841849,True,0,0,2,True,"{'boundary_present': True, 'consecutive_max_rows': True, 'travel_identical': True, 'steps_identical': True, 'is_expected_shared_maximum': True, 'phase_split_satisfied': True}",0.0,0.0,0,0,0,True,False,False,0.005,3.96,-0.005,3.955,3.965,794,1.002528445006321,True,True,True,True,True,True,False,False,False,False,False,False,False,0,0,0,False,0,3102.0,0.6816,False,,,
Deskeys_V2_Purple_49g,DataLog_2.csv,Deskeys_V2_Purple_49g/DataLog_2.csv,82e7c62e1eb908f9972d2d1f66e89fbf51e27888a2be8fcb788f94ea9f198595,c642b1baed8fbd0f3bd6e485ea485fcdf4c784bc,acq_sha256:82e7c62e1eb908f9972d2d1f66e89fbf51e27888a2be8fcb788f94ea9f198595,56491,canonical_retention_authority,True,intake-qc-v1.4,test-imp 1.1.4,2,pass,False,,,,,,1586,0,0,True,True,True,34.0,34.0,224.0,1,0.14833242924748882,True,0,0,2,True,"{'boundary_present': True, 'consecutive_max_rows': True, 'travel_identical': True, 'steps_identical': True, 'is_expected_shared_maximum': True, 'phase_split_satisfied': True}",0.0,0.0,0,0,0,True,False,False,0.005,3.96,-0.005,3.955,3.965,794,1.002528445006321,True,True,True,True,True,True,False,False,False,False,False,False,False,0,0,1,False,0,36.0,0.0384,False,,,
Deskeys_V2_Tiffany_35g,DataLog_1.csv,Deskeys_V2_Tiffany_35g/DataLog_1.csv,1a84c29ee35a68a2a9ba96fc5247f64d2d2124b60835cd7b5cedab1409ac370a,728948eb6c4fdfabbaf41dc76c007639b8ffdb4d,acq_sha256:1a84c29ee35a68a2a9ba96fc5247f64d2d2124b60835cd7b5cedab1409ac370a,57098,canonical_retention_authority,True,intake-qc-v1.4,test-imp 1.1.4,2,pass,False,,,,,,1627,0,0,True,True,True,34.0,34.0,179.0,1,0.14949620327102803,True,0,0,2,True,"{'boundary_present': True, 'consecutive_max_rows': True, 'travel_identical': True, 'steps_identical': True, 'is_expected_shared_maximum': True, 'phase_split_satisfied': True}",0.0,0.0,0,0,0,True,False,False,0.005,4.1,0.07,4.095,4.029999999999999,807,0.9841269841269841,True,True,True,True,True,True,False,False,False,False,False,False,False,0,0,0,False,0,2368.0,0.8933,False,,,
Deskeys_V2_Tiffany_35g,DataLog_2.csv,Deskeys_V2_Tiffany_35g/DataLog_2.csv,52faaadbc1d990db33ee6d4639e36173ea5e37bab7053d5ab7818d28cb38fa32,fc49a73ac0299adb94606852261f0f58ef24c6d6,acq_sha256:52faaadbc1d990db33ee6d4639e36173ea5e37bab7053d5ab7818d28cb38fa32,58746,canonical_retention_authority,True,intake-qc-v1.4,test-imp 1.1.4,2,pass,False,,,,,,1626,0,0,True,True,True,34.0,34.0,158.0,2,0.14854901391058,True,0,0,2,True,"{'boundary_present': True, 'consecutive_max_rows': True, 'travel_identical': True, 'steps_identical': True, 'is_expected_shared_maximum': True, 'phase_split_satisfied': True}",0.0,0.0,0,0,0,True,False,False,0.005,4.095,0.065,4.09,4.029999999999999,807,0.9853300733496332,True,True,True,True,True,True,False,False,False,False,False,False,False,0,0,0,False,0,3052.0,0.9845,False,,,
Deskeys_V3_Blue_56g,DataLog_1.csv,Deskeys_V3_Blue_56g/DataLog_1.csv,a081cb011c3b70729f439942a587b0228445ed346697a16df5058b27c0ea67be,dbccac7f7658f515ea15a97786da1443bc713554,acq_sha256:a081cb011c3b70729f439942a587b0228445ed346697a16df5058b27c0ea67be,60209,canonical_retention_authority,True,intake-qc-v1.4,test-imp 1.1.4,2,pass,False,,,,,,1699,0,0,True,True,True,34.0,34.0,213.0,2,0.14832393948383268,True,0,0,2,True,"{'boundary_present': True, 'consecutive_max_rows': True, 'travel_identical': True, 'steps_identical': True, 'is_expected_shared_maximum': True, 'phase_split_satisfied': True}",0.0,0.0,0,0,0,True,False,False,0.005,4.24,-0.01,4.235,4.25,851,1.0035419126328216,True,True,True,True,True,True,False,False,False,False,False,False,False,0,0,1,False,0,1041.0,0.127,False,,,
Deskeys_V3_Blue_56g,DataLog_2.csv,Deskeys_V3_Blue_56g/DataLog_2.csv,fc7f4880a50edf80c4bebc333c35c4725777abb06b4905edfc4ab792b146469c,e1f2ac0b3628bc739738a2e6903fb375953cad11,acq_sha256:fc7f4880a50edf80c4bebc333c35c4725777abb06b4905edfc4ab792b146469c,60205,canonical_retention_authority,True,intake-qc-v1.4,test-imp 1.1.4,2,pass_with_offset_note,False,,,,,,1700,0,0,True,True,True,34.0,34.0,157.0,1,0.14881785114717402,True,0,0,2,True,"{'boundary_present': True, 'consecutive_max_rows': True, 'travel_identical': True, 'steps_identical': True, 'is_expected_shared_maximum': True, 'phase_split_satisfied': True}",0.0,0.0,0,0,0,True,False,False,0.005,4.24,-0.015,4.235,4.255,852,1.0047225501770956,True,True,True,True,True,True,False,False,False,False,False,False,False,0,0,0,False,0,-14.0,0.003,True,baseline_zero_offset,-0.015,return
Deskeys_V3_Blue_56g,DataLog_3.csv,Deskeys_V3_Blue_56g/DataLog_3.csv,918e9ca70bb931b193520c6d6dd6fac05713d279fc60204296afe1ce208654b1,70af2d2adc78518ea0005edde7b64746785448fa,acq_sha256:918e9ca70bb931b193520c6d6dd6fac05713d279fc60204296afe1ce208654b1,60292,canonical_retention_authority,True,intake-qc-v1.4,test-imp 1.1.4,2,pass,False,,,,,,1701,0,0,True,True,True,34.0,34.0,191.0,2,0.14755604875765088,True,0,0,2,True,"{'boundary_present': True, 'consecutive_max_rows': True, 'travel_identical': True, 'steps_identical': True, 'is_expected_shared_maximum': True, 'phase_split_satisfied': True}",0.0,0.0,0,0,0,True,False,False,0.005,4.245,-0.01,4.24,4.255,852,1.0035377358490565,True,True,True,True,True,True,False,False,False,False,False,False,False,0,0,1,False,0,127.0,0.0197,False,,,
Deskeys_V3_Brown_63g,DataLog_1.csv,Deskeys_V3_Brown_63g/DataLog_1.csv,8a4b99088323a309e4be81698934f51fa8fe02618988dadc1a13e7d1a68b1b91,83adc159591255644bf32728286fe150aba366e4,acq_sha256:8a4b99088323a309e4be81698934f51fa8fe02618988dadc1a13e7d1a68b1b91,60220,canonical_retention_authority,True,intake-qc-v1.4,test-imp 1.1.4,2,pass_with_offset_note,False,,,,,,1686,0,0,True,True,True,34.0,34.0,190.0,1,0.1483543590105011,True,0,0,2,True,"{'boundary_present': True, 'consecutive_max_rows': True, 'travel_identical': True, 'steps_identical': True, 'is_expected_shared_maximum': True, 'phase_split_satisfied': True}",0.0,0.0,0,0,0,True,False,False,0.005,4.215,0.005,4.21,4.21,843,1.0,True,True,True,True,True,True,False,False,False,False,False,False,False,0,0,0,False,0,-3573.0,-1.1965,True,baseline_zero_offset,0.005,return
Deskeys_V3_Brown_63g,DataLog_2.csv,Deskeys_V3_Brown_63g/DataLog_2.csv,59559bafcd5b55dc079a6726b9c8d42726db3d32e58947ba80a31c8c64da279d,1d09f236670276dd867fa5636dd5a24d5435c885,acq_sha256:59559bafcd5b55dc079a6726b9c8d42726db3d32e58947ba80a31c8c64da279d,61944,canonical_retention_authority,True,intake-qc-v1.4,test-imp 1.1.4,2,pass,False,,,,,,1683,0,0,True,True,True,34.0,34.0,169.0,2,0.14768302522187532,True,0,0,2,True,"{'boundary_present': True, 'consecutive_max_rows': True, 'travel_identical': True, 'steps_identical': True, 'is_expected_shared_maximum': True, 'phase_split_satisfied': True}",0.0,0.0,0,0,0,True,False,False,0.005,4.2,-0.01,4.195,4.21,843,1.00357568533969,True,True,True,True,True,True,False,False,False,False,False,False,False,0,0,1,False,0,155.0,0.0131,False,,,
Deskeys_V3_Cheese_28g,DataLog_1.csv,Deskeys_V3_Cheese_28g/DataLog_1.csv,9b584bf3497b29060c2a94a0dbec4af21a8e9c02ae3fedbf30489ae83f92ba35,68ec04c4412b1af0076039f4350a7724d1c9ced3,acq_sha256:9b584bf3497b29060c2a94a0dbec4af21a8e9c02ae3fedbf30489ae83f92ba35,61535,canonical_retention_authority,True,intake-qc-v1.4,test-imp 1.1.4,2,pass,False,,,,,,1761,0,0,True,True,True,34.0,34.0,179.0,1,0.14870391023691237,True,0,0,2,True,"{'boundary_present': True, 'consecutive_max_rows': True, 'travel_identical': True, 'steps_identical': True, 'is_expected_shared_maximum': True, 'phase_split_satisfied': True}",0.0,0.0,0,0,0,True,False,False,0.005,4.4,0.0,4.3950000000000005,4.4,881,1.0011376564277588,True,True,True,True,True,True,False,False,False,False,False,False,False,0,0,1,False,0,3787.0,0.7338,False,,,
Deskeys_V3_Cheese_28g,DataLog_2.csv,Deskeys_V3_Cheese_28g/DataLog_2.csv,6e22fab8136e752ac47e60d69ffb54871bd43149c5b5efb45f9d0e5f07aed85b,77debe029941990f2a9d206dbd378d465de1c602,acq_sha256:6e22fab8136e752ac47e60d69ffb54871bd43149c5b5efb45f9d0e5f07aed85b,63401,canonical_retention_authority,True,intake-qc-v1.4,test-imp 1.1.4,2,pass,False,,,,,,1761,0,0,True,True,True,34.0,34.0,202.0,2,0.14775929156044543,True,0,0,2,True,"{'boundary_present': True, 'consecutive_max_rows': True, 'travel_identical': True, 'steps_identical': True, 'is_expected_shared_maximum': True, 'phase_split_satisfied': True}",0.0,0.0,0,0,0,True,False,False,0.005,4.395,-0.01,4.39,4.404999999999999,882,1.0034168564920272,True,True,True,True,True,True,False,False,False,False,False,False,False,0,0,1,False,0,1148.0,0.1618,False,,,
Deskeys_V3_Green_70g,DataLog_1.csv,Deskeys_V3_Green_70g/DataLog_1.csv,790d257be4fd206dad766767e5c45d96711de780d5a692e019c935c39059ed63,11d08c9c940b691417a39611b7467a28c1a1fa44,acq_sha256:790d257be4fd206dad766767e5c45d96711de780d5a692e019c935c39059ed63,60434,canonical_retention_authority,True,intake-qc-v1.4,test-imp 1.1.4,2,pass_with_offset_note,False,,,,,,1690,0,0,True,True,True,34.0,34.0,202.0,1,0.1484148590497936,True,0,0,2,True,"{'boundary_present': True, 'consecutive_max_rows': True, 'travel_identical': True, 'steps_identical': True, 'is_expected_shared_maximum': True, 'phase_split_satisfied': True}",0.0,0.0,0,0,0,True,False,False,0.005,4.22,-0.005,4.215,4.225,846,1.0023724792408066,True,True,True,True,True,True,False,False,False,False,False,False,False,0,0,1,False,0,256.0,-0.088,True,baseline_zero_offset,-0.005,return
Deskeys_V3_Green_70g,DataLog_2.csv,Deskeys_V3_Green_70g/DataLog_2.csv,91299d072b20bdc6d130f6c91ca5faf36a9ebb812001f70103850100c324649d,7409fccf4828fb2b58f609c39c26bdc724179221,acq_sha256:91299d072b20bdc6d130f6c91ca5faf36a9ebb812001f70103850100c324649d,60522,canonical_retention_authority,True,intake-qc-v1.4,test-imp 1.1.4,2,pass,False,,,,,,1693,0,0,True,True,True,34.0,34.0,212.0,2,0.14827537857543469,True,0,0,2,True,"{'boundary_present': True, 'consecutive_max_rows': True, 'travel_identical': True, 'steps_identical': True, 'is_expected_shared_maximum': True, 'phase_split_satisfied': True}",0.0,0.0,0,0,0,True,False,False,0.005,4.23,0.0,4.2250000000000005,4.23,847,1.0011834319526627,True,True,True,True,True,True,False,False,False,False,False,False,False,0,0,1,False,0,218.0,0.0013,False,,,
Deskeys_V3_Pink_42g,DataLog_1.csv,Deskeys_V3_Pink_42g/DataLog_1.csv,10f969f0d7299909df5414995057f35006e5efbaddfdfa4d83f1fa5b0e1370ab,72652ee95142975c40d455a72790f69ee76f147b,acq_sha256:10f969f0d7299909df5414995057f35006e5efbaddfdfa4d83f1fa5b0e1370ab,60819,canonical_retention_authority,True,intake-qc-v1.4,test-imp 1.1.4,2,pass,False,,,,,,1721,0,0,True,True,True,34.0,34.0,190.0,1,0.14862765406525116,True,0,0,2,True,"{'boundary_present': True, 'consecutive_max_rows': True, 'travel_identical': True, 'steps_identical': True, 'is_expected_shared_maximum': True, 'phase_split_satisfied': True}",0.0,0.0,0,0,0,True,False,False,0.005,4.295,-0.01,4.29,4.305,862,1.0034965034965033,True,True,True,True,True,True,False,False,False,False,False,False,False,0,0,1,False,0,1224.0,0.2448,False,,,
Deskeys_V3_Pink_42g,DataLog_2.csv,Deskeys_V3_Pink_42g/DataLog_2.csv,d5f7e48053604057c77d80c7c183d3de54f464ad5bb97ccac3dc495f6400dabe,5ff6fcfeebab0dca19aafe8b4c6c92ce91bb7732,acq_sha256:d5f7e48053604057c77d80c7c183d3de54f464ad5bb97ccac3dc495f6400dabe,60871,canonical_retention_authority,True,intake-qc-v1.4,test-imp 1.1.4,2,pass,False,,,,,,1719,0,0,True,True,True,34.0,34.0,191.0,2,0.1476268131490859,True,0,0,2,True,"{'boundary_present': True, 'consecutive_max_rows': True, 'travel_identical': True, 'steps_identical': True, 'is_expected_shared_maximum': True, 'phase_split_satisfied': True}",0.0,0.0,0,0,0,True,False,False,0.005,4.29,-0.01,4.285,4.3,861,1.0035005834305717,True,True,True,True,True,True,False,False,False,False,False,False,False,0,0,0,False,0,2927.0,0.6938,False,,,
Deskeys_V3_Pink_42g,DataLog_3.csv,Deskeys_V3_Pink_42g/DataLog_3.csv,d298507a7da5f15f4120e17c5a48f93f77813004c596872916bc700d01bd5e2a,9a75c9ac6d23f9039bea43f634a10cc376bef1d2,acq_sha256:d298507a7da5f15f4120e17c5a48f93f77813004c596872916bc700d01bd5e2a,62589,canonical_retention_authority,True,intake-qc-v1.4,test-imp 1.1.4,2,pass,False,,,,,,1719,0,0,True,True,True,34.0,34.0,158.0,1,0.1479442628591089,True,0,0,2,True,"{'boundary_present': True, 'consecutive_max_rows': True, 'travel_identical': True, 'steps_identical': True, 'is_expected_shared_maximum': True, 'phase_split_satisfied': True}",0.0,0.0,0,0,0,True,False,False,0.005,4.29,-0.01,4.285,4.3,861,1.0035005834305717,True,True,True,True,True,True,False,False,False,False,False,False,False,0,0,1,False,0,2901.0,0.7535,False,,,
Deskeys_V3_Purple_49g,DataLog_1.csv,Deskeys_V3_Purple_49g/DataLog_1.csv,57b5261ae31039252e3f63c594db941c57471419831da327cb4e8744c4a79314,b5801a29844a307c996cd4772c44307aa2f2a8f2,acq_sha256:57b5261ae31039252e3f63c594db941c57471419831da327cb4e8744c4a79314,60068,canonical_retention_authority,True,intake-qc-v1.4,test-imp 1.1.4,2,pass,False,,,,,,1692,0,0,True,True,True,33.0,34.0,156.0,2,0.14855657793074384,True,0,0,2,True,"{'boundary_present': True, 'consecutive_max_rows': True, 'travel_identical': True, 'steps_identical': True, 'is_expected_shared_maximum': True, 'phase_split_satisfied': True}",0.0,0.0,0,0,0,True,False,False,0.005,4.235,0.015,4.23,4.220000000000001,845,0.9976359338061466,True,True,True,True,True,True,False,False,False,False,False,False,False,0,0,1,False,0,4521.0,0.9271,False,,,
Deskeys_V3_Purple_49g,DataLog_2.csv,Deskeys_V3_Purple_49g/DataLog_2.csv,1f63dd894156e38592d5674cb3904c141b258f0e2f0bc2c408ba499b6ddd79df,2b5f56f3dbbb1a4d132bf9654c94b7afcba40134,acq_sha256:1f63dd894156e38592d5674cb3904c141b258f0e2f0bc2c408ba499b6ddd79df,60064,canonical_retention_authority,True,intake-qc-v1.4,test-imp 1.1.4,2,pass,False,,,,,,1691,0,0,True,True,True,34.0,34.0,168.0,1,0.14872309344034354,True,0,0,2,True,"{'boundary_present': True, 'consecutive_max_rows': True, 'travel_identical': True, 'steps_identical': True, 'is_expected_shared_maximum': True, 'phase_split_satisfied': True}",0.0,0.0,0,0,0,True,False,False,0.005,4.225,0.0,4.22,4.225,846,1.0011848341232228,True,True,True,True,True,True,False,False,False,False,False,False,False,0,0,1,False,1,293.0,0.1375,False,,,
Deskeys_V3_Tiffany_35g,DataLog_1.csv,Deskeys_V3_Tiffany_35g/DataLog_1.csv,062d557e973948341068b5daacc28287c1ac9aaa4f6234b5aa339508d2bb3294,db7ff2fdb4d955383eff577d5a91ea87dd2a96a2,acq_sha256:062d557e973948341068b5daacc28287c1ac9aaa4f6234b5aa339508d2bb3294,60845,canonical_retention_authority,True,intake-qc-v1.4,test-imp 1.1.4,2,pass,False,,,,,,1738,0,0,True,True,True,34.0,34.0,201.0,1,0.14859272938681986,True,0,0,2,True,"{'boundary_present': True, 'consecutive_max_rows': True, 'travel_identical': True, 'steps_identical': True, 'is_expected_shared_maximum': True, 'phase_split_satisfied': True}",0.0,0.0,0,0,0,True,False,False,0.005,4.34,-0.005,4.335,4.345,870,1.002306805074971,True,True,True,True,True,True,False,False,False,False,False,False,False,0,0,1,False,0,3010.0,0.6741,False,,,
Deskeys_V3_Tiffany_35g,DataLog_2.csv,Deskeys_V3_Tiffany_35g/DataLog_2.csv,cd9a039625c11cc09f2e0cf3583f55bfc955e59ac6566a01fc98201eebe64c83,1033fcbf8f8333eca9e5c49fc88853631fd53ff2,acq_sha256:cd9a039625c11cc09f2e0cf3583f55bfc955e59ac6566a01fc98201eebe64c83,62656,canonical_retention_authority,True,intake-qc-v1.4,test-imp 1.1.4,2,pass,False,,,,,,1737,0,0,True,True,True,34.0,34.0,191.0,2,0.14762155818976513,True,0,0,2,True,"{'boundary_present': True, 'consecutive_max_rows': True, 'travel_identical': True, 'steps_identical': True, 'is_expected_shared_maximum': True, 'phase_split_satisfied': True}",0.0,0.0,0,0,0,True,False,False,0.005,4.34,0.0,4.335,4.34,869,1.0011534025374855,True,True,True,True,True,True,False,False,False,False,False,False,False,0,0,0,False,0,2749.0,0.8756,False,,,
DynaCaps_Light_35g,DataLog_1.csv,DynaCaps_Light_35g/DataLog_1.csv,264ab61c7518ce5347c004f7a30ab5226d851b7376c74f56fb46a622c11d4452,7b74819b31fe31b08d48bb7f29b0698e9336bb1e,acq_sha256:264ab61c7518ce5347c004f7a30ab5226d851b7376c74f56fb46a622c11d4452,64101,canonical_retention_authority,True,intake-qc-v1.4,test-imp 1.1.4,2,pass,False,,,,,,1822,0,0,True,True,True,34.0,34.0,145.0,1,0.1484308736217133,True,0,0,2,True,"{'boundary_present': True, 'consecutive_max_rows': True, 'travel_identical': True, 'steps_identical': True, 'is_expected_shared_maximum': True, 'phase_split_satisfied': True}",0.0,0.0,0,0,0,True,False,False,0.005,4.555,0.005,4.55,4.55,911,1.0,True,True,True,True,True,True,False,False,False,False,False,False,False,0,0,1,False,0,2927.0,0.6685,False,,,
DynaCaps_Light_35g,DataLog_2.csv,DynaCaps_Light_35g/DataLog_2.csv,389aac90ed12d5aa23cab55ac9a8fcb5355cec4054b69eea19659e3f13c1e2b6,ec6a5f3e9c17751edc37e3627ae76ccdb02ef217,acq_sha256:389aac90ed12d5aa23cab55ac9a8fcb5355cec4054b69eea19659e3f13c1e2b6,65966,canonical_retention_authority,True,intake-qc-v1.4,test-imp 1.1.4,2,pass,False,,,,,,1822,0,0,True,True,True,34.0,34.0,180.0,2,0.14753514283863445,True,0,0,2,True,"{'boundary_present': True, 'consecutive_max_rows': True, 'travel_identical': True, 'steps_identical': True, 'is_expected_shared_maximum': True, 'phase_split_satisfied': True}",0.0,0.0,0,0,0,True,False,False,0.005,4.55,-0.005,4.545,4.555,912,1.0022002200220022,True,True,True,True,True,True,False,False,False,False,False,False,False,0,0,1,False,0,1484.0,0.3925,False,,,
DynaCaps_Light_35g,DataLog_3.csv,DynaCaps_Light_35g/DataLog_3.csv,2fd288f5bb8748d75adb5d695b4b9eed606ec279c3c8184d3bbd4e1e665421f6,948c057251fc2181d2b8a3cece6aaff36a156442,acq_sha256:2fd288f5bb8748d75adb5d695b4b9eed606ec279c3c8184d3bbd4e1e665421f6,67794,canonical_retention_authority,True,intake-qc-v1.4,test-imp 1.1.4,2,pass,False,,,,,,1822,0,0,True,True,True,34.0,34.0,202.0,2,0.14743724611176745,True,0,0,2,True,"{'boundary_present': True, 'consecutive_max_rows': True, 'travel_identical': True, 'steps_identical': True, 'is_expected_shared_maximum': True, 'phase_split_satisfied': True}",0.0,0.0,0,0,0,True,False,False,0.005,4.55,-0.005,4.545,4.555,912,1.0022002200220022,True,True,True,True,True,True,False,False,False,False,False,False,False,0,0,0,False,0,1882.0,0.4781,False,,,
DynaCaps_Medium_45g,DynaCaps_Medium-DataLog_1.csv,DynaCaps_Medium_45g/DynaCaps_Medium-DataLog_1.csv,7a58fac97cc350f15580987aef73a48bbae03bd91d77b8ca830b8b65e721e6cc,b1b82602b7469524a5dd85b3cba951cb93e38afd,acq_sha256:7a58fac97cc350f15580987aef73a48bbae03bd91d77b8ca830b8b65e721e6cc,63517,canonical_retention_authority,True,intake-qc-v1.4,test-imp 1.1.4,2,pass,False,,,,,,1772,0,0,True,True,True,34.0,34.0,45.0,0,0.14856720777585655,True,0,0,2,True,"{'boundary_present': True, 'consecutive_max_rows': True, 'travel_identical': True, 'steps_identical': True, 'is_expected_shared_maximum': True, 'phase_split_satisfied': True}",0.0,0.0,0,0,0,True,False,False,0.005,4.43,0.005,4.425,4.425,886,1.0,True,True,True,True,True,True,False,False,False,False,False,False,False,0,0,0,False,0,3934.0,0.8962,False,,,
DynaCaps_Medium_45g,DynaCaps_Medium-DataLog_2.csv,DynaCaps_Medium_45g/DynaCaps_Medium-DataLog_2.csv,557f3fd595a63e0b9bda32b7538fae704d36d89a9a1d26d626a5451848017c3a,cc85b21893cb9da43fd21cda29aefd75a9cd7a3e,acq_sha256:557f3fd595a63e0b9bda32b7538fae704d36d89a9a1d26d626a5451848017c3a,65243,canonical_retention_authority,True,intake-qc-v1.4,test-imp 1.1.4,2,pass,False,,,,,,1771,0,0,True,True,True,34.0,34.0,147.0,2,0.1476969292389853,True,0,0,2,True,"{'boundary_present': True, 'consecutive_max_rows': True, 'travel_identical': True, 'steps_identical': True, 'is_expected_shared_maximum': True, 'phase_split_satisfied': True}",0.0,0.0,0,0,0,True,False,False,0.005,4.425,0.0,4.42,4.425,886,1.001131221719457,True,True,True,True,True,True,False,False,False,False,False,False,False,0,0,1,False,0,4737.0,0.8401,False,,,
DynaCaps_Medium_45g,DynaCaps_Medium-DataLog_3.csv,DynaCaps_Medium_45g/DynaCaps_Medium-DataLog_3.csv,65ec93260706018b1bfd0a12e21f2eb1630bbb942fccd5c845f98a95ad0b226c,3f31183760afe482b42c67dac7085e060925d74b,acq_sha256:65ec93260706018b1bfd0a12e21f2eb1630bbb942fccd5c845f98a95ad0b226c,67048,canonical_retention_authority,True,intake-qc-v1.4,test-imp 1.1.4,2,pass,False,,,,,,1772,0,0,True,True,True,34.0,34.0,146.0,1,0.14798483405989543,True,0,0,2,True,"{'boundary_present': True, 'consecutive_max_rows': True, 'travel_identical': True, 'steps_identical': True, 'is_expected_shared_maximum': True, 'phase_split_satisfied': True}",0.0,0.0,0,0,0,True,False,False,0.005,4.425,-0.005,4.42,4.43,887,1.002262443438914,True,True,True,True,True,True,False,False,False,False,False,False,False,0,0,1,False,0,557.0,0.1654,False,,,
DynaCaps_Parts,DynaCaps_Parts-DataLog_1.csv,DynaCaps_Parts/DynaCaps_Parts-DataLog_1.csv,63d583b31924ad3ab3aad45cfb1d791329c1a3c510d393e188653f1840cf2ba3,c10b0e0bdda81896771c41c9cc77a25bb96c4454,acq_sha256:63d583b31924ad3ab3aad45cfb1d791329c1a3c510d393e188653f1840cf2ba3,57211,canonical_retention_authority,True,intake-qc-v1.4,test-imp 1.1.4,2,pass,False,,,,,,1594,0,0,True,True,True,34.0,34.0,134.0,1,0.14877017893384475,True,0,0,2,True,"{'boundary_present': True, 'consecutive_max_rows': True, 'travel_identical': True, 'steps_identical': True, 'is_expected_shared_maximum': True, 'phase_split_satisfied': True}",0.0,0.0,0,0,0,True,False,False,0.005,4.0,0.035,3.995,3.965,794,0.9924906132665832,True,True,True,True,True,True,False,False,False,False,False,False,False,0,0,0,False,0,540.0,0.1638,False,,,
DynaCaps_Parts,DynaCaps_Parts-DataLog_2.csv,DynaCaps_Parts/DynaCaps_Parts-DataLog_2.csv,441cc969cc9086bee23921f2c35a886d17f66be800c6e5c70f4606f600f1ff1d,10809820d4458364d305aa8c8e4411642cc91355,acq_sha256:441cc969cc9086bee23921f2c35a886d17f66be800c6e5c70f4606f600f1ff1d,58676,canonical_retention_authority,True,intake-qc-v1.4,test-imp 1.1.4,2,pass,False,,,,,,1591,0,0,True,True,True,34.0,34.0,147.0,1,0.14776951672862454,True,0,0,2,True,"{'boundary_present': True, 'consecutive_max_rows': True, 'travel_identical': True, 'steps_identical': True, 'is_expected_shared_maximum': True, 'phase_split_satisfied': True}",0.0,0.0,0,0,0,True,False,False,0.005,3.975,0.0,3.97,3.975,796,1.0012594458438286,True,True,True,True,True,True,False,False,False,False,False,False,False,0,0,1,False,0,1771.0,0.3738,False,,,
DynaCaps_Parts,DynaCaps_Parts-DataLog_3.csv,DynaCaps_Parts/DynaCaps_Parts-DataLog_3.csv,15ac0198c5d8a85e4041afc38bd0cc3a9828111f35387b7c1cf178647cd824ab,151a1010c4a8af2fed2973c8e61d87e2da6dfecc,acq_sha256:15ac0198c5d8a85e4041afc38bd0cc3a9828111f35387b7c1cf178647cd824ab,60267,canonical_retention_authority,True,intake-qc-v1.4,test-imp 1.1.4,2,pass,False,,,,,,1591,0,0,True,True,True,34.0,34.0,124.0,1,0.14769539450461666,True,0,0,2,True,"{'boundary_present': True, 'consecutive_max_rows': True, 'travel_identical': True, 'steps_identical': True, 'is_expected_shared_maximum': True, 'phase_split_satisfied': True}",0.0,0.0,0,0,0,True,False,False,0.005,3.975,0.0,3.97,3.975,796,1.0012594458438286,True,True,True,True,True,True,False,False,False,False,False,False,False,0,0,1,False,0,2131.0,0.4483,False,,,
DynaCaps_Parts,DynaCaps_Parts-DataLog_4.csv,DynaCaps_Parts/DynaCaps_Parts-DataLog_4.csv,960cd3c84b3142baa7e254b7a3483118f69cccd0be56760163bd7f86ead3dd8e,4308e31c8d052a185b1f459bc387f1aa6f0a47c1,acq_sha256:960cd3c84b3142baa7e254b7a3483118f69cccd0be56760163bd7f86ead3dd8e,60229,canonical_retention_authority,True,intake-qc-v1.4,test-imp 1.1.4,2,pass,False,,,,,,1590,0,0,True,True,True,34.0,34.0,135.0,1,0.1478409640346636,True,0,0,2,True,"{'boundary_present': True, 'consecutive_max_rows': True, 'travel_identical': True, 'steps_identical': True, 'is_expected_shared_maximum': True, 'phase_split_satisfied': True}",0.0,0.0,0,0,0,True,False,False,0.005,3.97,-0.005,3.9650000000000003,3.975,796,1.0025220680958384,True,True,True,True,True,True,False,False,False,False,False,False,False,0,0,1,False,0,939.0,0.1464,False,,,
DynaCaps_Parts,DynaCaps_Parts-DataLog_5.csv,DynaCaps_Parts/DynaCaps_Parts-DataLog_5.csv,e1703ec3f809c5b380711700251fb4eaed5c5646494beba0efe6035dd5e7cbbf,941ddc79c3f85b21db26bbfaeca8fd05a84694f1,acq_sha256:e1703ec3f809c5b380711700251fb4eaed5c5646494beba0efe6035dd5e7cbbf,60256,canonical_retention_authority,True,intake-qc-v1.4,test-imp 1.1.4,2,pass,False,,,,,,1591,0,0,True,True,True,34.0,34.0,112.0,1,0.1478464628431154,True,0,0,2,True,"{'boundary_present': True, 'consecutive_max_rows': True, 'travel_identical': True, 'steps_identical': True, 'is_expected_shared_maximum': True, 'phase_split_satisfied': True}",0.0,0.0,0,0,0,True,False,False,0.005,3.975,0.0,3.97,3.975,796,1.0012594458438286,True,True,True,True,True,True,False,False,False,False,False,False,False,0,0,0,False,0,4385.0,0.8132,False,,,
Dynacaps_Heavy_55g,DynaCaps_Heavy-DataLog_2.csv,Dynacaps_Heavy_55g/DynaCaps_Heavy-DataLog_2.csv,bdeb628bf19f86cab66b3e93871e7b36320f36f3a303639fdb5d77e0057e1cf9,17dc6d7bce2b4bbfb5a892d8492c76f5f99ae91d,acq_sha256:bdeb628bf19f86cab66b3e93871e7b36320f36f3a303639fdb5d77e0057e1cf9,64648,canonical_retention_authority,True,intake-qc-v1.4,test-imp 1.1.4,2,pass_with_offset_note,False,,,,,,1754,0,0,True,True,True,34.0,34.0,146.0,2,0.14776001213081055,True,0,0,2,True,"{'boundary_present': True, 'consecutive_max_rows': True, 'travel_identical': True, 'steps_identical': True, 'is_expected_shared_maximum': True, 'phase_split_satisfied': True}",0.0,0.0,0,0,0,True,False,False,0.005,4.38,-0.005,4.375,4.385,878,1.0022857142857142,True,True,True,True,True,True,False,False,False,False,False,False,False,0,0,1,False,0,-33.0,-0.0236,True,baseline_zero_offset,-0.005,return
Dynacaps_Heavy_55g,DynaCaps_Heavy-DataLog_3.csv,Dynacaps_Heavy_55g/DynaCaps_Heavy-DataLog_3.csv,64e06119d492bb04e142c8c492c5170ec8c1711d5cf6c919204ba8a26c2e1bb3,a2eb39a69fc4afd228f74b4f7498d8b3f2edf6cd,acq_sha256:64e06119d492bb04e142c8c492c5170ec8c1711d5cf6c919204ba8a26c2e1bb3,66405,canonical_retention_authority,True,intake-qc-v1.4,test-imp 1.1.4,2,pass,False,,,,,,1754,0,0,True,True,True,34.0,34.0,135.0,2,0.1476903386605143,True,0,0,2,True,"{'boundary_present': True, 'consecutive_max_rows': True, 'travel_identical': True, 'steps_identical': True, 'is_expected_shared_maximum': True, 'phase_split_satisfied': True}",0.0,0.0,0,0,0,True,False,False,0.005,4.38,-0.005,4.375,4.385,878,1.0022857142857142,True,True,True,True,True,True,False,False,False,False,False,False,False,0,0,1,False,0,4437.0,0.9363,False,,,
Dynacaps_Slider_0.3mm_Poron,Dynacaps_Slider_0.3mm_Poron-DataLog_1.csv,Dynacaps_Slider_0.3mm_Poron/Dynacaps_Slider_0.3mm_Poron-DataLog_1.csv,4ddf45be0a8e75e6b4630564b5fd58479bdfa18d7823c50c29bcdc8e82832fb6,902e4e12471a80b350f19a7696d0734af2450ae5,acq_sha256:4ddf45be0a8e75e6b4630564b5fd58479bdfa18d7823c50c29bcdc8e82832fb6,61644,canonical_retention_authority,True,intake-qc-v1.4,test-imp 1.1.4,2,pass,False,,,,,,1721,0,0,True,True,True,34.0,34.0,134.0,1,0.1487817522032141,True,0,0,2,True,"{'boundary_present': True, 'consecutive_max_rows': True, 'travel_identical': True, 'steps_identical': True, 'is_expected_shared_maximum': True, 'phase_split_satisfied': True}",0.0,0.0,0,0,0,True,False,False,0.005,4.31,0.02,4.305,4.29,859,0.9965156794425087,True,True,True,True,True,True,False,False,False,False,False,False,False,0,0,1,False,0,2772.0,0.6252,False,,,
Dynacaps_Slider_0.3mm_Poron,Dynacaps_Slider_0.3mm_Poron-DataLog_3.csv,Dynacaps_Slider_0.3mm_Poron/Dynacaps_Slider_0.3mm_Poron-DataLog_3.csv,6956e6c6465d8eff75a4d322b6acb13a7714ec7496c67f4549ed79c057c82037,74d8e7c47e7838a1b1102304bd6a6fc27c273917,acq_sha256:6956e6c6465d8eff75a4d322b6acb13a7714ec7496c67f4549ed79c057c82037,65145,canonical_retention_authority,True,intake-qc-v1.4,test-imp 1.1.4,2,pass,False,,,,,,1721,0,0,True,True,True,34.0,34.0,146.0,2,0.14776632302405496,True,0,0,2,True,"{'boundary_present': True, 'consecutive_max_rows': True, 'travel_identical': True, 'steps_identical': True, 'is_expected_shared_maximum': True, 'phase_split_satisfied': True}",0.0,0.0,0,0,0,True,False,False,0.005,4.305,0.01,4.3,4.295,860,0.9988372093023256,True,True,True,True,True,True,False,False,False,False,False,False,False,0,0,0,False,0,1231.0,0.2632,False,,,
Dynacaps_Slider_0.3mm_Poron,Dynacaps_Slider_0.3mm_Poron-DataLog_4.csv,Dynacaps_Slider_0.3mm_Poron/Dynacaps_Slider_0.3mm_Poron-DataLog_4.csv,e4abc27830da86a26ae3efd86f627e08ab8619c7a8359e78cf5b17f97d0debfe,ff750115e8c98212f0ea58332b5efbe42f80adc9,acq_sha256:e4abc27830da86a26ae3efd86f627e08ab8619c7a8359e78cf5b17f97d0debfe,65058,canonical_retention_authority,True,intake-qc-v1.4,test-imp 1.1.4,2,pass,False,,,,,,1719,0,0,True,True,True,34.0,34.0,112.0,1,0.14813154218903585,True,0,0,2,True,"{'boundary_present': True, 'consecutive_max_rows': True, 'travel_identical': True, 'steps_identical': True, 'is_expected_shared_maximum': True, 'phase_split_satisfied': True}",0.0,0.0,0,0,0,True,False,False,0.005,4.3,0.01,4.295,4.29,859,0.9988358556461001,True,True,True,True,True,True,False,False,False,False,False,False,False,0,0,1,False,0,3712.0,0.9497,False,,,
Dynacaps_Slider_0.5mm_Silicone,Dynacaps_Slider_0.5mm_Silicone-DataLog_1.csv,Dynacaps_Slider_0.5mm_Silicone/Dynacaps_Slider_0.5mm_Silicone-DataLog_1.csv,4880ed759c8f2179137427a16d282558a89249064af5554f14403321a9a19884,e0d8681cb8c631f18474f15fc549c87953e34586,acq_sha256:4880ed759c8f2179137427a16d282558a89249064af5554f14403321a9a19884,58240,canonical_retention_authority,True,intake-qc-v1.4,test-imp 1.1.4,2,pass,False,,,,,,1623,0,0,True,True,True,34.0,34.0,123.0,2,0.14827951877719675,True,0,0,2,True,"{'boundary_present': True, 'consecutive_max_rows': True, 'travel_identical': True, 'steps_identical': True, 'is_expected_shared_maximum': True, 'phase_split_satisfied': True}",0.0,0.0,0,0,0,True,False,False,0.005,4.06,0.01,4.055,4.05,811,0.998766954377312,True,True,True,True,True,True,False,False,False,False,False,False,False,0,0,0,False,0,965.0,0.2809,False,,,
Dynacaps_Slider_0.5mm_Silicone,Dynacaps_Slider_0.5mm_Silicone-DataLog_2.csv,Dynacaps_Slider_0.5mm_Silicone/Dynacaps_Slider_0.5mm_Silicone-DataLog_2.csv,73c96bedae84b79734eb61349118ea44a45b857fce17cd2306cfa228a7de1023,ae0a91bc720e98c08bdac22deb77172b7e7ba565,acq_sha256:73c96bedae84b79734eb61349118ea44a45b857fce17cd2306cfa228a7de1023,59827,canonical_retention_authority,True,intake-qc-v1.4,test-imp 1.1.4,2,pass,False,,,,,,1622,0,0,True,True,True,34.0,34.0,123.0,1,0.14811703254556743,True,0,0,2,True,"{'boundary_present': True, 'consecutive_max_rows': True, 'travel_identical': True, 'steps_identical': True, 'is_expected_shared_maximum': True, 'phase_split_satisfied': True}",0.0,0.0,0,0,0,True,False,False,0.005,4.05,-0.005,4.045,4.055,812,1.0024721878862792,True,True,True,True,True,True,False,False,False,False,False,False,False,0,0,1,False,0,2794.0,0.4831,False,,,
KLC_Densus_35g,DataLog_1.csv,KLC_Densus_35g/DataLog_1.csv,b9ad2700b0dc6021a6fcded5ba309ab60f1fc53aa0bda472b8962cc96b5a454b,0812927641550353830a8b44ea69408689f992c9,acq_sha256:b9ad2700b0dc6021a6fcded5ba309ab60f1fc53aa0bda472b8962cc96b5a454b,60086,canonical_retention_authority,True,intake-qc-v1.4,test-imp 1.1.4,2,review,False,,,,,,1684,0,0,True,True,True,34.0,34.0,202.0,1,0.14810510002817695,True,0,0,2,True,"{'boundary_present': True, 'consecutive_max_rows': True, 'travel_identical': True, 'steps_identical': True, 'is_expected_shared_maximum': True, 'phase_split_satisfied': True}",0.0,0.0,0,0,0,True,False,False,0.005,4.21,0.005,4.205,4.205,842,1.0,True,True,True,True,True,True,False,False,False,False,False,False,False,1,0,0,False,0,39.0,0.0236,False,,,
KLC_Densus_35g,DataLog_2.csv,KLC_Densus_35g/DataLog_2.csv,ec0bef5410ff9f5f8a80b324743c83ea25fa1b50ebd03865ae029cc0e7f76d5e,a0122f4123ee19f7742b208673273b883c2b111d,acq_sha256:ec0bef5410ff9f5f8a80b324743c83ea25fa1b50ebd03865ae029cc0e7f76d5e,61649,canonical_retention_authority,True,intake-qc-v1.4,test-imp 1.1.4,2,pass,False,,,,,,1681,0,0,True,True,True,34.0,34.0,158.0,1,0.1481912213000652,True,0,0,2,True,"{'boundary_present': True, 'consecutive_max_rows': True, 'travel_identical': True, 'steps_identical': True, 'is_expected_shared_maximum': True, 'phase_split_satisfied': True}",0.0,0.0,0,0,0,True,False,False,0.005,4.195,-0.01,4.19,4.205,842,1.003579952267303,True,True,True,True,True,True,False,False,False,False,False,False,False,0,0,1,False,0,491.0,0.0627,False,,,
KLC_Densus_45g,DataLog_1.csv,KLC_Densus_45g/DataLog_1.csv,007aeff34a115738c868f0318ffefe74da4e787de2ad9dd15dff051dd08fa6b9,4de514b8e42a8af8b0de0c56682cd308e1a0e7d4,acq_sha256:007aeff34a115738c868f0318ffefe74da4e787de2ad9dd15dff051dd08fa6b9,60347,canonical_retention_authority,True,intake-qc-v1.4,test-imp 1.1.4,2,pass,False,,,,,,1688,0,0,True,True,True,34.0,34.0,190.0,2,0.14792587913244892,True,0,0,2,True,"{'boundary_present': True, 'consecutive_max_rows': True, 'travel_identical': True, 'steps_identical': True, 'is_expected_shared_maximum': True, 'phase_split_satisfied': True}",0.0,0.0,0,0,0,True,False,False,0.005,4.22,0.005,4.215,4.215,844,1.0,True,True,True,True,True,True,False,False,False,False,False,False,False,0,0,1,False,0,1616.0,0.3833,False,,,
KLC_Densus_45g,DataLog_2.csv,KLC_Densus_45g/DataLog_2.csv,c6e28c8bf25739cf9df5c33c1b89ea9cad8af85f5550670a6d3a3521f545d513,ba43a87e5c2e2ed87e43a42be3aef9df74a0e7f6,acq_sha256:c6e28c8bf25739cf9df5c33c1b89ea9cad8af85f5550670a6d3a3521f545d513,61984,canonical_retention_authority,True,intake-qc-v1.4,test-imp 1.1.4,2,pass,False,,,,,,1685,0,0,True,True,True,34.0,34.0,158.0,1,0.14803614754386582,True,0,0,2,True,"{'boundary_present': True, 'consecutive_max_rows': True, 'travel_identical': True, 'steps_identical': True, 'is_expected_shared_maximum': True, 'phase_split_satisfied': True}",0.0,0.0,0,0,0,True,False,False,0.005,4.21,0.0,4.205,4.21,843,1.0011890606420928,True,True,True,True,True,True,False,False,False,False,False,False,False,0,0,1,False,1,3942.0,0.9051,False,,,
KLC_Densus_55g,DataLog_1.csv,KLC_Densus_55g/DataLog_1.csv,c1d049c9df75fb227de50df50e27999ccb5a534574e4045d501562e59f3ec014,f443985fcdd1dd0e8d38e414139ebd287f215920,acq_sha256:c1d049c9df75fb227de50df50e27999ccb5a534574e4045d501562e59f3ec014,59869,canonical_retention_authority,True,intake-qc-v1.4,test-imp 1.1.4,2,pass_with_offset_note,False,,,,,,1674,0,0,True,True,True,34.0,34.0,224.0,2,0.14810489436245883,True,0,0,2,True,"{'boundary_present': True, 'consecutive_max_rows': True, 'travel_identical': True, 'steps_identical': True, 'is_expected_shared_maximum': True, 'phase_split_satisfied': True}",0.0,0.0,0,0,0,True,False,False,0.005,4.18,-0.005,4.175,4.185,838,1.0023952095808382,True,True,True,True,True,True,False,False,False,False,False,False,False,0,0,1,False,0,-220.0,-0.0807,True,baseline_zero_offset,-0.005,return
KLC_Densus_55g,DataLog_2.csv,KLC_Densus_55g/DataLog_2.csv,7527a775f3603f2108122eb33bd99df0f91ea2043d425c8a2686e07d8aa633e2,72ba6ec15bc8d879fb25d5b9af4ca32a80feccc6,acq_sha256:7527a775f3603f2108122eb33bd99df0f91ea2043d425c8a2686e07d8aa633e2,61556,canonical_retention_authority,True,intake-qc-v1.4,test-imp 1.1.4,2,review,False,,,,,,1673,0,0,True,True,True,34.0,34.0,180.0,1,0.1481311057624239,True,0,0,2,True,"{'boundary_present': True, 'consecutive_max_rows': True, 'travel_identical': True, 'steps_identical': True, 'is_expected_shared_maximum': True, 'phase_split_satisfied': True}",0.0,0.0,0,0,0,True,False,False,0.005,4.175,-0.01,4.17,4.185,838,1.0035971223021583,True,True,True,True,True,True,False,False,False,False,False,False,False,1,0,1,False,0,-199.0,-0.0725,True,baseline_zero_offset,-0.01,return
NiZ_Black_65g,NiZ_65g-DataLog_2.csv,NiZ_Black_65g/NiZ_65g-DataLog_2.csv,d6ef05f6f66d281d0f36d30f6b013b2a27466e2009575131515593796075371e,06fccee10cf3a215d82a7a82e1a242db4345e93d,acq_sha256:d6ef05f6f66d281d0f36d30f6b013b2a27466e2009575131515593796075371e,61166,canonical_retention_authority,True,intake-qc-v1.4,test-imp 1.1.4,2,pass,False,,,,,,1663,0,0,True,True,True,34.0,34.0,124.0,1,0.14834890521360816,True,0,0,2,True,"{'boundary_present': True, 'consecutive_max_rows': True, 'travel_identical': True, 'steps_identical': True, 'is_expected_shared_maximum': True, 'phase_split_satisfied': True}",0.0,0.0,0,0,0,True,False,False,0.005,4.15,-0.01,4.1450000000000005,4.16,833,1.0036188178528347,True,True,True,True,True,True,False,False,False,False,False,False,False,0,0,0,False,0,274.0,0.0256,False,,,
NiZ_Black_65g,NiZ_65g-DataLog_3.csv,NiZ_Black_65g/NiZ_65g-DataLog_3.csv,ecf00c20f83e3ace8ba2ecd0990f2715918a7adfb2316013722713de511c14be,62f897ec5d295eee35094635a13a5564f1c589a3,acq_sha256:ecf00c20f83e3ace8ba2ecd0990f2715918a7adfb2316013722713de511c14be,62829,canonical_retention_authority,True,intake-qc-v1.4,test-imp 1.1.4,2,pass,False,,,,,,1663,0,0,True,True,True,34.0,34.0,135.0,2,0.14799793656723056,True,0,0,2,True,"{'boundary_present': True, 'consecutive_max_rows': True, 'travel_identical': True, 'steps_identical': True, 'is_expected_shared_maximum': True, 'phase_split_satisfied': True}",0.0,0.0,0,0,0,True,False,False,0.005,4.15,-0.01,4.1450000000000005,4.16,833,1.0036188178528347,True,True,True,True,True,True,False,False,False,False,False,False,False,0,0,1,False,0,59.0,0.0026,False,,,
NiZ_Purple_60g,DataLog_1.csv,NiZ_Purple_60g/DataLog_1.csv,eab731e1c25b9d6ae234960c6425892b39ebe658674682b8cebc3777f1220984,42c7d5ba0b2d41e76bf84e0bd3029ad1ba39d584,acq_sha256:eab731e1c25b9d6ae234960c6425892b39ebe658674682b8cebc3777f1220984,59382,canonical_retention_authority,True,intake-qc-v1.4,test-imp 1.1.4,2,pass,False,,,,,,1661,0,0,True,True,True,34.0,34.0,179.0,2,0.14870286172773467,True,0,0,2,True,"{'boundary_present': True, 'consecutive_max_rows': True, 'travel_identical': True, 'steps_identical': True, 'is_expected_shared_maximum': True, 'phase_split_satisfied': True}",0.0,0.0,0,0,0,True,False,False,0.005,4.175,0.05,4.17,4.125,826,0.9892086330935252,True,True,True,True,True,True,False,False,False,False,False,False,False,0,0,0,False,0,2680.0,0.889,False,,,
NiZ_Purple_60g,DataLog_2.csv,NiZ_Purple_60g/DataLog_2.csv,82cf82f84a3bf9226e67fbc87345d64ee4da2367f8d3866220b804568b38bffa,418706644ae6a991d303b90701fd315be0fad4ea,acq_sha256:82cf82f84a3bf9226e67fbc87345d64ee4da2367f8d3866220b804568b38bffa,61028,canonical_retention_authority,True,intake-qc-v1.4,test-imp 1.1.4,2,pass,False,,,,,,1659,0,0,True,True,True,34.0,34.0,157.0,1,0.14878510008206372,True,0,0,2,True,"{'boundary_present': True, 'consecutive_max_rows': True, 'travel_identical': True, 'steps_identical': True, 'is_expected_shared_maximum': True, 'phase_split_satisfied': True}",0.0,0.0,0,0,0,True,False,False,0.005,4.175,0.06,4.17,4.115,824,0.9868105515587531,True,True,True,True,True,True,False,False,False,False,False,False,False,0,0,1,False,0,3004.0,0.9789,False,,,
NiZ_Purple_60g,DataLog_3.csv,NiZ_Purple_60g/DataLog_3.csv,842d16a868e8df394899ee3f75666bdfd799769c65be5de95b18bc5e0ed071bd,3de1c4a7a6bcbeef204d5071c4fd947f19d0614a,acq_sha256:842d16a868e8df394899ee3f75666bdfd799769c65be5de95b18bc5e0ed071bd,60951,canonical_retention_authority,True,intake-qc-v1.4,test-imp 1.1.4,2,pass,False,,,,,,1657,0,0,True,True,True,34.0,34.0,214.0,2,0.147992671516747,True,0,0,2,True,"{'boundary_present': True, 'consecutive_max_rows': True, 'travel_identical': True, 'steps_identical': True, 'is_expected_shared_maximum': True, 'phase_split_satisfied': True}",0.0,0.0,0,0,0,True,False,False,0.005,4.165,0.05,4.16,4.115,824,0.9891826923076923,True,True,True,True,True,True,False,False,False,False,False,False,False,0,0,0,False,0,2865.0,0.8437,False,,,
Sony_BKE_Brown_01,DataLog_2.csv,Sony_BKE_Brown_01/DataLog_2.csv,71ca1ad9346278e6f8a99211ea9a2d69a732893e1a14e629cdc3fd0d5e845d39,7fd996b3b1539aff3f5609fa0d54317655fd407a,acq_sha256:71ca1ad9346278e6f8a99211ea9a2d69a732893e1a14e629cdc3fd0d5e845d39,60003,canonical_retention_authority,True,intake-qc-v1.4,test-imp 1.1.4,2,pass,False,,,,,,1600,0,0,True,True,True,34.0,34.0,146.0,1,0.14798802793481877,True,0,0,2,True,"{'boundary_present': True, 'consecutive_max_rows': True, 'travel_identical': True, 'steps_identical': True, 'is_expected_shared_maximum': True, 'phase_split_satisfied': True}",0.0,0.0,0,0,0,True,False,False,0.005,3.99,-0.015,3.9850000000000003,4.005,802,1.0050188205771642,True,True,True,True,True,True,False,False,False,False,False,False,False,0,0,1,False,0,259.0,0.0558,False,,,
Sony_BKE_Brown_01,DataLog_3.csv,Sony_BKE_Brown_01/DataLog_3.csv,9615241dbf250a9934d2da0c516077ec0dc33d577c79f74afbe36b010c6a3f4f,cd180514e64d7197cf41f591be4ede9ee8b3c918,acq_sha256:9615241dbf250a9934d2da0c516077ec0dc33d577c79f74afbe36b010c6a3f4f,60028,canonical_retention_authority,True,intake-qc-v1.4,test-imp 1.1.4,2,pass,False,,,,,,1601,0,0,True,True,True,34.0,34.0,146.0,2,0.14762527875559814,True,0,0,2,True,"{'boundary_present': True, 'consecutive_max_rows': True, 'travel_identical': True, 'steps_identical': True, 'is_expected_shared_maximum': True, 'phase_split_satisfied': True}",0.0,0.0,0,0,0,True,False,False,0.005,3.995,-0.01,3.99,4.005,802,1.0037593984962405,True,True,True,True,True,True,False,False,False,False,False,False,False,0,0,0,False,0,1457.0,0.34,False,,,
Sony_BKE_Brown_02,DataLog_1.csv,Sony_BKE_Brown_02/DataLog_1.csv,de3eb8d14d16a1a229e6ecc4d9988b4b96bb5e6f83ed71597225e2da26614620,0e735ecffd47f7318021d2936c16245a45849a77,acq_sha256:de3eb8d14d16a1a229e6ecc4d9988b4b96bb5e6f83ed71597225e2da26614620,60963,canonical_retention_authority,True,intake-qc-v1.4,test-imp 1.1.4,2,pass,False,,,,,,1625,0,0,True,True,True,34.0,34.0,135.0,1,0.14775187874156157,True,0,0,2,True,"{'boundary_present': True, 'consecutive_max_rows': True, 'travel_identical': True, 'steps_identical': True, 'is_expected_shared_maximum': True, 'phase_split_satisfied': True}",0.0,0.0,0,0,0,True,False,False,0.005,4.06,0.0,4.055,4.06,813,1.0012330456226881,True,True,True,True,True,True,False,False,False,False,False,False,False,0,0,0,False,0,1552.0,0.2648,False,,,
Sony_BKE_Brown_02,DataLog_2.csv,Sony_BKE_Brown_02/DataLog_2.csv,0288411ad21eafd28c26717e887f43bc1dd0d59ab410cdca82663925383736d2,208e7d9a243acb574660806e9c3e354559fb8601,acq_sha256:0288411ad21eafd28c26717e887f43bc1dd0d59ab410cdca82663925383736d2,60916,canonical_retention_authority,True,intake-qc-v1.4,test-imp 1.1.4,2,pass,False,,,,,,1624,0,0,True,True,True,34.0,34.0,158.0,2,0.14748083838860837,True,0,0,2,True,"{'boundary_present': True, 'consecutive_max_rows': True, 'travel_identical': True, 'steps_identical': True, 'is_expected_shared_maximum': True, 'phase_split_satisfied': True}",0.0,0.0,0,0,0,True,False,False,0.005,4.055,-0.005,4.05,4.06,813,1.002469135802469,True,True,True,True,True,True,False,False,False,False,False,False,False,0,0,1,False,0,2393.0,0.3899,False,,,
Sony_BKE_Brown_02,DataLog_3.csv,Sony_BKE_Brown_02/DataLog_3.csv,c388a634f8de8dfe226d3d46b74be9da63a7ea380c0d89c99f5f4dc9a41313ad,950b1e621b3db24fc5e02415545f570f07e6d814,acq_sha256:c388a634f8de8dfe226d3d46b74be9da63a7ea380c0d89c99f5f4dc9a41313ad,60906,canonical_retention_authority,True,intake-qc-v1.4,test-imp 1.1.4,2,pass,False,,,,,,1624,0,0,True,True,True,34.0,34.0,135.0,1,0.14781643092494492,True,0,0,2,True,"{'boundary_present': True, 'consecutive_max_rows': True, 'travel_identical': True, 'steps_identical': True, 'is_expected_shared_maximum': True, 'phase_split_satisfied': True}",0.0,0.0,0,0,0,True,False,False,0.005,4.055,-0.005,4.05,4.06,813,1.002469135802469,True,True,True,True,True,True,False,False,False,False,False,False,False,0,0,1,False,0,2850.0,0.6501,False,,,
Sony_BKE_Brown_03,DataLog_1.csv,Sony_BKE_Brown_03/DataLog_1.csv,fca29cdfdb77bfdcb135ed5a51a02ee3636c2f67d71bad3459b54903fd7aac43,2658070a46d74a015bd6ca9ab6d6ccbefc45df69,acq_sha256:fca29cdfdb77bfdcb135ed5a51a02ee3636c2f67d71bad3459b54903fd7aac43,60133,canonical_retention_authority,True,intake-qc-v1.4,test-imp 1.1.4,2,pass_with_offset_note,False,,,,,,1607,0,0,True,True,True,34.0,34.0,158.0,2,0.14760147601476015,True,0,0,2,True,"{'boundary_present': True, 'consecutive_max_rows': True, 'travel_identical': True, 'steps_identical': True, 'is_expected_shared_maximum': True, 'phase_split_satisfied': True}",0.0,0.0,0,0,0,True,False,False,0.005,4.01,-0.01,4.005,4.02,805,1.00374531835206,True,True,True,True,True,True,False,False,False,False,False,False,False,0,0,1,False,0,121.0,-0.1378,True,baseline_zero_offset,-0.01,return
Sony_BKE_Brown_03,DataLog_2.csv,Sony_BKE_Brown_03/DataLog_2.csv,4c5064eebfa85f8a979110b39359af261e18961b6ddd3110f258bb418335f8dd,716494766a584612510eb624098d6f41d2b693f5,acq_sha256:4c5064eebfa85f8a979110b39359af261e18961b6ddd3110f258bb418335f8dd,60273,canonical_retention_authority,True,intake-qc-v1.4,test-imp 1.1.4,2,pass,False,,,,,,1611,0,0,True,True,True,34.0,34.0,113.0,1,0.14794963104372405,True,0,0,2,True,"{'boundary_present': True, 'consecutive_max_rows': True, 'travel_identical': True, 'steps_identical': True, 'is_expected_shared_maximum': True, 'phase_split_satisfied': True}",0.0,0.0,0,0,0,True,False,False,0.005,4.02,-0.01,4.015,4.029999999999999,807,1.00373599003736,True,True,True,True,True,True,False,False,False,False,False,False,False,0,0,0,False,0,490.0,0.0095,False,,,
Sony_BKE_Brown_03,DataLog_3.csv,Sony_BKE_Brown_03/DataLog_3.csv,747bc1320fe125d35add6cc04e00bd8ad25775099c2d82414b1ed6dccc6cbd97,e766775b36c3876a2e48fa22c52001997109ee1f,acq_sha256:747bc1320fe125d35add6cc04e00bd8ad25775099c2d82414b1ed6dccc6cbd97,60344,canonical_retention_authority,True,intake-qc-v1.4,test-imp 1.1.4,2,pass_with_offset_note,False,,,,,,1613,0,0,True,True,True,34.0,34.0,124.0,2,0.14768588840290614,True,0,0,2,True,"{'boundary_present': True, 'consecutive_max_rows': True, 'travel_identical': True, 'steps_identical': True, 'is_expected_shared_maximum': True, 'phase_split_satisfied': True}",0.0,0.0,0,0,0,True,False,False,0.005,4.025,-0.01,4.0200000000000005,4.035,808,1.003731343283582,True,True,True,True,True,True,False,False,False,False,False,False,False,0,0,1,False,0,290.0,-0.0158,True,baseline_zero_offset,-0.01,return
Sony_BKE_Gray_01,DataLog_1.csv,Sony_BKE_Gray_01/DataLog_1.csv,9474c859ce38173f86d367f523df4e55be790c85f333ec43e2487544807a3a0e,3cc879454462ec43f73246be06a9a6a08b374e59,acq_sha256:9474c859ce38173f86d367f523df4e55be790c85f333ec43e2487544807a3a0e,52603,canonical_retention_authority,True,intake-qc-v1.4,test-imp 1.1.4,2,pass,False,,,,,,1476,0,0,True,True,True,34.0,34.0,191.0,1,0.14844017136995394,True,0,0,2,True,"{'boundary_present': True, 'consecutive_max_rows': True, 'travel_identical': True, 'steps_identical': True, 'is_expected_shared_maximum': True, 'phase_split_satisfied': True}",0.0,0.0,0,0,0,True,False,False,0.005,3.685,-0.005,3.68,3.69,739,1.0027173913043477,True,True,True,True,True,True,False,False,False,False,False,False,False,0,0,0,False,0,168.0,0.1231,False,,,
Sony_BKE_Gray_01,DataLog_2.csv,Sony_BKE_Gray_01/DataLog_2.csv,a5c9be27b38e35ee8c94ed5b772bf48b45388caaf58abbe20b8e0e42eafb2427,7b74f09a134524aac39d66416e91a6eaabf7091b,acq_sha256:a5c9be27b38e35ee8c94ed5b772bf48b45388caaf58abbe20b8e0e42eafb2427,54035,canonical_retention_authority,True,intake-qc-v1.4,test-imp 1.1.4,2,pass,False,,,,,,1475,0,0,True,True,True,34.0,34.0,202.0,2,0.14761180894471557,True,0,0,2,True,"{'boundary_present': True, 'consecutive_max_rows': True, 'travel_identical': True, 'steps_identical': True, 'is_expected_shared_maximum': True, 'phase_split_satisfied': True}",0.0,0.0,0,0,0,True,False,False,0.005,3.68,-0.01,3.6750000000000003,3.69,739,1.004081632653061,True,True,True,True,True,True,False,False,False,False,False,False,False,0,0,0,False,0,256.0,0.0797,False,,,
Sony_BKE_Gray_01,DataLog_3.csv,Sony_BKE_Gray_01/DataLog_3.csv,2a4242d93ba45decbb110ab8d2a5992f8f4fbe47067dca9df983ddd67503a16b,fa13ea9578b1c6ecab5e51e8444dc789133a9c95,acq_sha256:2a4242d93ba45decbb110ab8d2a5992f8f4fbe47067dca9df983ddd67503a16b,54004,canonical_retention_authority,True,intake-qc-v1.4,test-imp 1.1.4,2,pass,False,,,,,,1474,0,0,True,True,True,34.0,34.0,157.0,1,0.1478761612391902,True,0,0,2,True,"{'boundary_present': True, 'consecutive_max_rows': True, 'travel_identical': True, 'steps_identical': True, 'is_expected_shared_maximum': True, 'phase_split_satisfied': True}",0.0,0.0,0,0,0,True,False,False,0.005,3.68,-0.005,3.6750000000000003,3.685,738,1.002721088435374,True,True,True,True,True,True,False,False,False,False,False,False,False,0,0,1,False,0,2478.0,0.4503,False,,,
Sony_BKE_Gray_02,DataLog_1.csv,Sony_BKE_Gray_02/DataLog_1.csv,23ce8493d0fec41e2621687063ebcd6c462d5c1111e27d6edf9871a6c1e649ee,3725c46fb53071d0b91ddadad93add1a1d8704d3,acq_sha256:23ce8493d0fec41e2621687063ebcd6c462d5c1111e27d6edf9871a6c1e649ee,53393,canonical_retention_authority,True,intake-qc-v1.4,test-imp 1.1.4,2,pass,False,,,,,,1499,0,0,True,True,True,34.0,34.0,169.0,1,0.1481979133733797,True,0,0,2,True,"{'boundary_present': True, 'consecutive_max_rows': True, 'travel_identical': True, 'steps_identical': True, 'is_expected_shared_maximum': True, 'phase_split_satisfied': True}",0.0,0.0,0,0,0,True,False,False,0.005,3.755,0.02,3.75,3.735,748,0.996,True,True,True,True,True,True,False,False,False,False,False,False,False,0,0,0,False,0,1519.0,0.4896,False,,,
Sony_BKE_Gray_02,DataLog_2.csv,Sony_BKE_Gray_02/DataLog_2.csv,50de7fc59bc8c4967d9f3daba37ff1eb3576d75f556255f6c3f5fd4d521a0dd9,ac683e5f48ef18db7342447bd60542090ba8c72a,acq_sha256:50de7fc59bc8c4967d9f3daba37ff1eb3576d75f556255f6c3f5fd4d521a0dd9,54751,canonical_retention_authority,True,intake-qc-v1.4,test-imp 1.1.4,2,pass,False,,,,,,1493,0,0,True,True,True,34.0,34.0,202.0,2,0.14754098360655737,True,0,0,2,True,"{'boundary_present': True, 'consecutive_max_rows': True, 'travel_identical': True, 'steps_identical': True, 'is_expected_shared_maximum': True, 'phase_split_satisfied': True}",0.0,0.0,0,0,0,True,False,False,0.005,3.725,-0.01,3.72,3.735,748,1.004032258064516,True,True,True,True,True,True,False,False,False,False,False,False,False,0,0,1,False,0,400.0,0.1677,False,,,
Sony_BKE_Gray_02,DataLog_3.csv,Sony_BKE_Gray_02/DataLog_3.csv,188e84ac8ef55fc923eea861339efecf9126f060a0134b013496e89110674851,4feece9a49c9250c6fecab105a4d1312c1f5c80e,acq_sha256:188e84ac8ef55fc923eea861339efecf9126f060a0134b013496e89110674851,54777,canonical_retention_authority,True,intake-qc-v1.4,test-imp 1.1.4,2,pass,False,,,,,,1494,0,0,True,True,True,34.0,34.0,135.0,1,0.14808069209906363,True,0,0,2,True,"{'boundary_present': True, 'consecutive_max_rows': True, 'travel_identical': True, 'steps_identical': True, 'is_expected_shared_maximum': True, 'phase_split_satisfied': True}",0.0,0.0,0,0,0,True,False,False,0.005,3.725,-0.015,3.72,3.74,749,1.0053763440860215,True,True,True,True,True,True,False,False,False,False,False,False,False,0,0,1,False,0,277.0,0.1057,False,,,
Topre_GX1_45g,DataLog_1.csv,Topre_GX1_45g/DataLog_1.csv,d226fe3d8a2ca32871312b0714c9942d56dfdb2be77e1705f99d58449dedd87f,815660f3f237a1549f0b40f3cb75f7e87db55929,acq_sha256:d226fe3d8a2ca32871312b0714c9942d56dfdb2be77e1705f99d58449dedd87f,63805,canonical_retention_authority,True,intake-qc-v1.4,test-imp 1.1.4,2,pass,False,,,,,,1733,0,0,True,True,True,34.0,34.0,202.0,1,0.14786642562335847,True,0,0,2,True,"{'boundary_present': True, 'consecutive_max_rows': True, 'travel_identical': True, 'steps_identical': True, 'is_expected_shared_maximum': True, 'phase_split_satisfied': True}",0.0,0.0,0,0,0,True,False,False,0.005,4.325,-0.01,4.32,4.335,868,1.003472222222222,True,True,True,True,True,True,False,False,False,False,False,False,False,0,0,0,False,0,65.0,0.0305,False,,,
Topre_GX1_45g,DataLog_2.csv,Topre_GX1_45g/DataLog_2.csv,a097955113411869be46b55fe39758ee8d5ea912939e4c3de7122ed7dd21ff39,05fc75efdb10f13c1883f78187a30b2ff94d4bd1,acq_sha256:a097955113411869be46b55fe39758ee8d5ea912939e4c3de7122ed7dd21ff39,63802,canonical_retention_authority,True,intake-qc-v1.4,test-imp 1.1.4,2,pass_with_offset_note,False,,,,,,1733,0,0,True,True,True,34.0,34.0,191.0,2,0.14752675730402082,True,0,0,2,True,"{'boundary_present': True, 'consecutive_max_rows': True, 'travel_identical': True, 'steps_identical': True, 'is_expected_shared_maximum': True, 'phase_split_satisfied': True}",0.0,0.0,0,0,0,True,False,False,0.005,4.325,-0.01,4.32,4.335,868,1.003472222222222,True,True,True,True,True,True,False,False,False,False,False,False,False,0,0,1,False,0,111.0,-0.044,True,baseline_zero_offset,-0.01,return
Topre_HHKB_Pro2_45g,Topre_Slider_Black-DataLog_0.csv,Topre_HHKB_Pro2_45g/Topre_Slider_Black-DataLog_0.csv,e3750bb2d88d0e4fbf1ce8643891a0395e73084b0a895f7da5d4f773a017fc98,0b3554da733e259b6904e324b873c841433e824e,acq_sha256:e3750bb2d88d0e4fbf1ce8643891a0395e73084b0a895f7da5d4f773a017fc98,61267,canonical_retention_authority,True,intake-qc-v1.4,test-imp 1.1.4,2,pass,False,,,,,,1709,0,0,True,True,True,34.0,34.0,135.0,1,0.14840301671706116,True,0,0,2,True,"{'boundary_present': True, 'consecutive_max_rows': True, 'travel_identical': True, 'steps_identical': True, 'is_expected_shared_maximum': True, 'phase_split_satisfied': True}",0.0,0.0,0,0,0,True,False,False,0.005,4.275,0.01,4.2700000000000005,4.265000000000001,854,0.9988290398126464,True,True,True,True,True,True,False,False,False,False,False,False,False,0,0,1,False,0,714.0,0.1969,False,,,
Topre_HHKB_Pro2_45g,Topre_Slider_Black-DataLog_1.csv,Topre_HHKB_Pro2_45g/Topre_Slider_Black-DataLog_1.csv,295b17b213b625945f5195f65040d9c2d9d62a60d5c43fda39b8a083a5a5ff70,264df1c5112c59e4e90f5fd4debc5aab5dbd7cfe,acq_sha256:295b17b213b625945f5195f65040d9c2d9d62a60d5c43fda39b8a083a5a5ff70,61092,canonical_retention_authority,True,intake-qc-v1.4,test-imp 1.1.4,2,pass,False,,,,,,1708,0,0,True,True,True,34.0,34.0,134.0,2,0.14796077480162165,True,0,0,2,True,"{'boundary_present': True, 'consecutive_max_rows': True, 'travel_identical': True, 'steps_identical': True, 'is_expected_shared_maximum': True, 'phase_split_satisfied': True}",0.0,0.0,0,0,0,True,False,False,0.005,4.265,-0.005,4.26,4.27,855,1.0023474178403755,True,True,True,True,True,True,False,False,False,False,False,False,False,0,0,1,False,0,200.0,0.0115,False,,,
Topre_HHKB_Pro2_45g,Topre_Slider_Black-DataLog_2.csv,Topre_HHKB_Pro2_45g/Topre_Slider_Black-DataLog_2.csv,e45f432a6e3929ecce4b0d6a31140e865ec3f08e563b76239329d1ab1eeeece3,b7e8414ba3b7f425f47c1984c0b9e43b6cf36cd3,acq_sha256:e45f432a6e3929ecce4b0d6a31140e865ec3f08e563b76239329d1ab1eeeece3,64638,canonical_retention_authority,True,intake-qc-v1.4,test-imp 1.1.4,2,pass,False,,,,,,1708,0,0,True,True,True,34.0,34.0,124.0,1,0.14829847018420228,True,0,0,2,True,"{'boundary_present': True, 'consecutive_max_rows': True, 'travel_identical': True, 'steps_identical': True, 'is_expected_shared_maximum': True, 'phase_split_satisfied': True}",0.0,0.0,0,0,0,True,False,False,0.005,4.26,-0.015,4.255,4.2749999999999995,856,1.0047003525264393,True,True,True,True,True,True,False,False,False,False,False,False,False,0,0,1,False,0,92.0,0.0568,False,,,
Topre_HHKB_Pro2_45g,Topre_Slider_Black-DataLog_3.csv,Topre_HHKB_Pro2_45g/Topre_Slider_Black-DataLog_3.csv,3d1c5946158643afce7c4eeae8ec626878126bf8397174a4e2a596b30fbd063d,cb47df2b70d3f546667508c2b4630cf63caea59d,acq_sha256:3d1c5946158643afce7c4eeae8ec626878126bf8397174a4e2a596b30fbd063d,64601,canonical_retention_authority,True,intake-qc-v1.4,test-imp 1.1.4,2,pass,False,,,,,,1707,0,0,True,True,True,34.0,34.0,135.0,1,0.14804541908641758,True,0,0,2,True,"{'boundary_present': True, 'consecutive_max_rows': True, 'travel_identical': True, 'steps_identical': True, 'is_expected_shared_maximum': True, 'phase_split_satisfied': True}",0.0,0.0,0,0,0,True,False,False,0.005,4.26,-0.01,4.255,4.27,855,1.0035252643948296,True,True,True,True,True,True,False,False,False,False,False,False,False,0,0,1,False,0,188.0,0.0007,False,,,
Topre_R1_30g,DataLog_1.csv,Topre_R1_30g/DataLog_1.csv,ede83daced09b8dd9093e56acd34075cfa6a7875777e78ec82e2b8fb10535774,04f563c058581f0d482807bfe7b0e37ed37dc164,acq_sha256:ede83daced09b8dd9093e56acd34075cfa6a7875777e78ec82e2b8fb10535774,59867,canonical_retention_authority,True,intake-qc-v1.4,test-imp 1.1.4,2,pass,False,,,,,,1700,0,0,True,True,True,34.0,34.0,156.0,1,0.14846383595619445,True,0,0,2,True,"{'boundary_present': True, 'consecutive_max_rows': True, 'travel_identical': True, 'steps_identical': True, 'is_expected_shared_maximum': True, 'phase_split_satisfied': True}",0.0,0.0,0,0,0,True,False,False,0.005,4.245,-0.005,4.24,4.25,851,1.0023584905660377,True,True,True,True,True,True,False,False,False,False,False,False,False,0,0,1,False,0,585.0,0.1145,False,,,
Topre_R1_30g,DataLog_2.csv,Topre_R1_30g/DataLog_2.csv,190f26fac084012d7c6abdf491cc62cda389b644eee62c18d39882082d67601d,0d3bc1f625ea21f4fbd8fcede64c10de08b7a91e,acq_sha256:190f26fac084012d7c6abdf491cc62cda389b644eee62c18d39882082d67601d,61666,canonical_retention_authority,True,intake-qc-v1.4,test-imp 1.1.4,2,pass,False,,,,,,1701,0,0,True,True,True,34.0,34.0,225.0,2,0.14746400041587965,True,0,0,2,True,"{'boundary_present': True, 'consecutive_max_rows': True, 'travel_identical': True, 'steps_identical': True, 'is_expected_shared_maximum': True, 'phase_split_satisfied': True}",0.0,0.0,0,0,0,True,False,False,0.005,4.245,-0.01,4.24,4.255,852,1.0035377358490565,True,True,True,True,True,True,False,False,False,False,False,False,False,0,0,1,False,0,254.0,0.0755,False,,,
Topre_R1_30g,DataLog_3.csv,Topre_R1_30g/DataLog_3.csv,6a59045d2e04f092bed1048718c60f6ca526bfc85bf9d0db47b62eab6043450f,d1734c2a6c5324edb7f128cbb29a5dac344376d6,acq_sha256:6a59045d2e04f092bed1048718c60f6ca526bfc85bf9d0db47b62eab6043450f,61608,canonical_retention_authority,True,intake-qc-v1.4,test-imp 1.1.4,2,pass,False,,,,,,1700,0,0,True,True,True,34.0,34.0,169.0,1,0.1479819848018502,True,0,0,2,True,"{'boundary_present': True, 'consecutive_max_rows': True, 'travel_identical': True, 'steps_identical': True, 'is_expected_shared_maximum': True, 'phase_split_satisfied': True}",0.0,0.0,0,0,0,True,False,False,0.005,4.24,-0.015,4.235,4.255,852,1.0047225501770956,True,True,True,True,True,True,False,False,False,False,False,False,False,0,0,1,False,0,263.0,0.1178,False,,,
Topre_R1_45g,DataLog_1.csv,Topre_R1_45g/DataLog_1.csv,586cd3368a282056a8f183eea8220bd936bcbfd4ddd437aab32d7617b0664939,c9914f71745b3f1b7b3ac688aba60c4c1e55373e,acq_sha256:586cd3368a282056a8f183eea8220bd936bcbfd4ddd437aab32d7617b0664939,60573,canonical_retention_authority,True,intake-qc-v1.4,test-imp 1.1.4,2,pass_with_offset_note,False,,,,,,1693,0,0,True,True,True,34.0,34.0,157.0,2,0.1481546265523876,True,0,0,2,True,"{'boundary_present': True, 'consecutive_max_rows': True, 'travel_identical': True, 'steps_identical': True, 'is_expected_shared_maximum': True, 'phase_split_satisfied': True}",0.0,0.0,0,0,0,True,False,False,0.005,4.225,-0.01,4.22,4.234999999999999,848,1.0035545023696681,True,True,True,True,True,True,False,False,False,False,False,False,False,0,0,1,False,0,-86.0,0.0377,True,baseline_zero_offset,-0.01,return
Topre_R1_45g,DataLog_2.csv,Topre_R1_45g/DataLog_2.csv,088591ebfbd92f670ac2b17e547f857cf0aadaeaaff7b3b1512d6cd7175c0d3d,9bee6e7024fbda13b02d319e73135e4c441396c4,acq_sha256:088591ebfbd92f670ac2b17e547f857cf0aadaeaaff7b3b1512d6cd7175c0d3d,62229,canonical_retention_authority,True,intake-qc-v1.4,test-imp 1.1.4,2,review,False,,,,,,1692,0,0,True,True,True,34.0,34.0,191.0,1,0.14777292576419213,True,0,0,2,True,"{'boundary_present': True, 'consecutive_max_rows': True, 'travel_identical': True, 'steps_identical': True, 'is_expected_shared_maximum': True, 'phase_split_satisfied': True}",0.0,0.0,0,0,0,True,False,False,0.005,4.225,-0.005,4.22,4.2299999999999995,847,1.0023696682464454,True,True,True,True,True,True,False,False,False,False,False,False,False,1,0,1,False,0,3942.0,0.7801,False,,,
Topre_R1_45g,DataLog_3.csv,Topre_R1_45g/DataLog_3.csv,cf084ec0986ebfeafc56a79e5d0772533d9a6e7670eff2b7362c0fcc61ac28d7,e2a16a6a8de32e48f8a729d33fd3a19d73885e05,acq_sha256:cf084ec0986ebfeafc56a79e5d0772533d9a6e7670eff2b7362c0fcc61ac28d7,62187,canonical_retention_authority,True,intake-qc-v1.4,test-imp 1.1.4,2,pass_with_offset_note,False,,,,,,1691,0,0,True,True,True,34.0,34.0,202.0,2,0.14746897224933758,True,0,0,2,True,"{'boundary_present': True, 'consecutive_max_rows': True, 'travel_identical': True, 'steps_identical': True, 'is_expected_shared_maximum': True, 'phase_split_satisfied': True}",0.0,0.0,0,0,0,True,False,False,0.005,4.22,-0.01,4.215,4.2299999999999995,847,1.0035587188612098,True,True,True,True,True,True,False,False,False,False,False,False,False,0,0,1,False,1,94.0,-0.0673,True,baseline_zero_offset,-0.01,return
Topre_R1_45g,DataLog_4.csv,Topre_R1_45g/DataLog_4.csv,20f3a62fd41587127cb7eeb37a4f6185dc509f4bf97a4db8b6e14d17fc41dc16,2d038580e5002195c756f2a428be2aec6cbc00af,acq_sha256:20f3a62fd41587127cb7eeb37a4f6185dc509f4bf97a4db8b6e14d17fc41dc16,62368,canonical_retention_authority,True,intake-qc-v1.4,test-imp 1.1.4,2,pass,False,,,,,,1691,0,0,True,True,True,34.0,34.0,169.0,1,0.14791502753737212,True,0,0,2,True,"{'boundary_present': True, 'consecutive_max_rows': True, 'travel_identical': True, 'steps_identical': True, 'is_expected_shared_maximum': True, 'phase_split_satisfied': True}",0.0,0.0,0,0,0,True,False,False,0.005,4.22,-0.01,4.215,4.2299999999999995,847,1.0035587188612098,True,True,True,True,True,True,False,False,False,False,False,False,False,0,0,1,False,0,2437.0,0.4857,False,,,
Topre_R1_55g,DataLog_1.csv,Topre_R1_55g/DataLog_1.csv,551bed892474dd559fe0e2b6f98cc7d52bc3abce64661e6d5dfed90ba6708a78,b68ac5f243cab66c864a83e98cfc3034040957a5,acq_sha256:551bed892474dd559fe0e2b6f98cc7d52bc3abce64661e6d5dfed90ba6708a78,62204,canonical_retention_authority,True,intake-qc-v1.4,test-imp 1.1.4,2,pass,False,,,,,,1689,0,0,True,True,True,34.0,34.0,236.0,1,0.14779962219268172,True,0,0,2,True,"{'boundary_present': True, 'consecutive_max_rows': True, 'travel_identical': True, 'steps_identical': True, 'is_expected_shared_maximum': True, 'phase_split_satisfied': True}",0.0,0.0,0,0,0,True,False,False,0.005,4.215,-0.01,4.21,4.225,846,1.003562945368171,True,True,True,True,True,True,False,False,False,False,False,False,False,0,0,0,False,0,516.0,0.0066,False,,,
Topre_R1_55g,DataLog_2.csv,Topre_R1_55g/DataLog_2.csv,6534b00924174e26fddd09a0ce51e3332e161692ab756708e712c13f6bf5c48e,18dca4df80eff372cbddcda6be6cee45a7d73c86,acq_sha256:6534b00924174e26fddd09a0ce51e3332e161692ab756708e712c13f6bf5c48e,62203,canonical_retention_authority,True,intake-qc-v1.4,test-imp 1.1.4,2,pass,False,,,,,,1689,0,0,True,True,True,34.0,34.0,169.0,2,0.14745916515426497,True,0,0,2,True,"{'boundary_present': True, 'consecutive_max_rows': True, 'travel_identical': True, 'steps_identical': True, 'is_expected_shared_maximum': True, 'phase_split_satisfied': True}",0.0,0.0,0,0,0,True,False,False,0.005,4.215,-0.01,4.21,4.225,846,1.003562945368171,True,True,True,True,True,True,False,False,False,False,False,False,False,0,0,1,False,0,935.0,0.1362,False,,,
Topre_R2_30g,DataLog_1.csv,Topre_R2_30g/DataLog_1.csv,1c3b35fe92dedea9d63191df68d30cac21c4ef1b784e215c9567cda10c5f4556,0dd257f9e8670f6f2be3d68741a5dd7599e2a8dc,acq_sha256:1c3b35fe92dedea9d63191df68d30cac21c4ef1b784e215c9567cda10c5f4556,60144,canonical_retention_authority,True,intake-qc-v1.4,test-imp 1.1.4,2,pass,False,,,,,,1707,0,0,True,True,True,34.0,34.0,191.0,2,0.14813786882686603,True,0,0,2,True,"{'boundary_present': True, 'consecutive_max_rows': True, 'travel_identical': True, 'steps_identical': True, 'is_expected_shared_maximum': True, 'phase_split_satisfied': True}",0.0,0.0,0,0,0,True,False,False,0.005,4.26,-0.01,4.255,4.27,855,1.0035252643948296,True,True,True,True,True,True,False,False,False,False,False,False,False,0,0,1,False,0,426.0,0.0676,False,,,
Topre_R2_30g,DataLog_2.csv,Topre_R2_30g/DataLog_2.csv,e9ed57343034f8ead40a83b152ebf10f0576a4d9739c4e65fefe1091a868b196,d1cf47bd7667967cdb697648f9dff1fe8a9cae20,acq_sha256:e9ed57343034f8ead40a83b152ebf10f0576a4d9739c4e65fefe1091a868b196,61917,canonical_retention_authority,True,intake-qc-v1.4,test-imp 1.1.4,2,pass_with_offset_note,False,,,,,,1707,0,0,True,True,True,34.0,34.0,180.0,2,0.1475440990998773,True,0,0,2,True,"{'boundary_present': True, 'consecutive_max_rows': True, 'travel_identical': True, 'steps_identical': True, 'is_expected_shared_maximum': True, 'phase_split_satisfied': True}",0.0,0.0,0,0,0,True,False,False,0.005,4.26,-0.01,4.255,4.27,855,1.0035252643948296,True,True,True,True,True,True,False,False,False,False,False,False,False,0,0,1,False,0,156.0,-0.0331,True,baseline_zero_offset,-0.01,return
Topre_R2_30g,DataLog_3.csv,Topre_R2_30g/DataLog_3.csv,350fd9daa3d8ad587f9aaa8f5dff6b4c37bd37da36398ef578e825083bc48403,2c59aa75cfd88552f2389975d84467320fc2b7e9,acq_sha256:350fd9daa3d8ad587f9aaa8f5dff6b4c37bd37da36398ef578e825083bc48403,63619,canonical_retention_authority,True,intake-qc-v1.4,test-imp 1.1.4,2,pass_with_offset_note,False,,,,,,1707,0,0,True,True,True,34.0,34.0,202.0,1,0.14786854590158258,True,0,0,2,True,"{'boundary_present': True, 'consecutive_max_rows': True, 'travel_identical': True, 'steps_identical': True, 'is_expected_shared_maximum': True, 'phase_split_satisfied': True}",0.0,0.0,0,0,0,True,False,False,0.005,4.26,-0.01,4.255,4.27,855,1.0035252643948296,True,True,True,True,True,True,False,False,False,False,False,False,False,0,0,0,False,0,779.0,-0.0364,True,baseline_zero_offset,-0.01,return
Topre_R2_45g,DataLog_1.csv,Topre_R2_45g/DataLog_1.csv,04820939952461911e988a5a66b421deae00570bf92e46eceed155e92b10df96,9d3603f60bfee143a143283d6ba5572566d06080,acq_sha256:04820939952461911e988a5a66b421deae00570bf92e46eceed155e92b10df96,64564,canonical_retention_authority,True,intake-qc-v1.4,test-imp 1.1.4,2,pass,False,,,,,,1705,0,0,True,True,True,34.0,34.0,147.0,1,0.14765449195083952,True,0,0,2,True,"{'boundary_present': True, 'consecutive_max_rows': True, 'travel_identical': True, 'steps_identical': True, 'is_expected_shared_maximum': True, 'phase_split_satisfied': True}",0.0,0.0,0,0,0,True,False,False,0.005,4.255,-0.01,4.25,4.265,854,1.0035294117647058,True,True,True,True,True,True,False,False,False,False,False,False,False,0,0,0,False,0,3411.0,0.6386,False,,,
Topre_R2_45g,DataLog_2.csv,Topre_R2_45g/DataLog_2.csv,be9b7e1bbb84d44fddb7650bbe80438f3da1cd0a49d00cfa14b1e403890d86a9,08378073eb7d0561da6ef84aa28fc22e465b1701,acq_sha256:be9b7e1bbb84d44fddb7650bbe80438f3da1cd0a49d00cfa14b1e403890d86a9,61221,canonical_retention_authority,True,intake-qc-v1.4,test-imp 1.1.4,2,pass,False,,,,,,1707,0,0,True,True,True,34.0,34.0,157.0,2,0.14759509859836503,True,0,0,2,True,"{'boundary_present': True, 'consecutive_max_rows': True, 'travel_identical': True, 'steps_identical': True, 'is_expected_shared_maximum': True, 'phase_split_satisfied': True}",0.0,0.0,0,0,0,True,False,False,0.005,4.26,-0.01,4.255,4.27,855,1.0035252643948296,True,True,True,True,True,True,False,False,False,False,False,False,False,0,0,1,False,0,305.0,0.0171,False,,,
Topre_R2_55g,DataLog_1.csv,Topre_R2_55g/DataLog_1.csv,86c2a556aa3fec78e8083e3c881801cc4cf58e4890b1b0f33e8d4e5601e52d9b,2a5cd766b2a199e4a85bea901550db850febab92,acq_sha256:86c2a556aa3fec78e8083e3c881801cc4cf58e4890b1b0f33e8d4e5601e52d9b,61114,canonical_retention_authority,True,intake-qc-v1.4,test-imp 1.1.4,2,pass,False,,,,,,1708,0,0,True,True,True,34.0,34.0,212.0,2,0.14813016027197667,True,0,0,2,True,"{'boundary_present': True, 'consecutive_max_rows': True, 'travel_identical': True, 'steps_identical': True, 'is_expected_shared_maximum': True, 'phase_split_satisfied': True}",0.0,0.0,0,0,0,True,False,False,0.005,4.265,-0.005,4.26,4.27,855,1.0023474178403755,True,True,True,True,True,True,False,False,False,False,False,False,False,0,0,1,False,0,2557.0,0.785,False,,,
Topre_R2_55g,DataLog_2.csv,Topre_R2_55g/DataLog_2.csv,00270cfa54b997442fdcb7da2f2ce6ea165cdf43aea551333a564219203566fe,7b77be7479828453199604c7ab9bca564b620e47,acq_sha256:00270cfa54b997442fdcb7da2f2ce6ea165cdf43aea551333a564219203566fe,62818,canonical_retention_authority,True,intake-qc-v1.4,test-imp 1.1.4,2,pass_with_offset_note,False,,,,,,1706,0,0,True,True,True,34.0,34.0,157.0,1,0.1480208929841914,True,0,0,2,True,"{'boundary_present': True, 'consecutive_max_rows': True, 'travel_identical': True, 'steps_identical': True, 'is_expected_shared_maximum': True, 'phase_split_satisfied': True}",0.0,0.0,0,0,0,True,False,False,0.005,4.26,-0.005,4.255,4.265,854,1.0023501762632196,True,True,True,True,True,True,False,False,False,False,False,False,False,0,0,0,False,0,-507.0,-0.1391,True,baseline_zero_offset,-0.005,return
Topre_RGB_45g,DataLog_1.csv,Topre_RGB_45g/DataLog_1.csv,18151dbe84a34b5d0eb7dbb0d9324027a882b8939036a2fb2bc76c3cb06c28bb,1408258bfed37237e075c41e3f495c102baa5890,acq_sha256:18151dbe84a34b5d0eb7dbb0d9324027a882b8939036a2fb2bc76c3cb06c28bb,62866,canonical_retention_authority,True,intake-qc-v1.4,test-imp 1.1.4,2,pass,False,,,,,,1710,0,0,True,True,True,34.0,34.0,214.0,2,0.14760402117496937,True,0,0,2,True,"{'boundary_present': True, 'consecutive_max_rows': True, 'travel_identical': True, 'steps_identical': True, 'is_expected_shared_maximum': True, 'phase_split_satisfied': True}",0.0,0.0,0,0,0,True,False,False,0.005,4.265,-0.015,4.26,4.279999999999999,857,1.004694835680751,True,True,True,True,True,True,False,False,False,False,False,False,False,0,0,0,False,0,238.0,0.0371,False,,,
Topre_RGB_45g,DataLog_2.csv,Topre_RGB_45g/DataLog_2.csv,1f09d358c4b6b174c93d8f79ec3421123e32aa25ef3ffd324cf6bca22bbc166e,306761c04b3f1a64bc86182b1c79695ac49af676,acq_sha256:1f09d358c4b6b174c93d8f79ec3421123e32aa25ef3ffd324cf6bca22bbc166e,62905,canonical_retention_authority,True,intake-qc-v1.4,test-imp 1.1.4,2,pass,False,,,,,,1711,0,0,True,True,True,34.0,34.0,180.0,2,0.14746924852703028,True,0,0,2,True,"{'boundary_present': True, 'consecutive_max_rows': True, 'travel_identical': True, 'steps_identical': True, 'is_expected_shared_maximum': True, 'phase_split_satisfied': True}",0.0,0.0,0,0,0,True,False,False,0.005,4.27,-0.01,4.265,4.279999999999999,857,1.0035169988276669,True,True,True,True,True,True,False,False,False,False,False,False,False,0,0,1,False,0,2143.0,0.3695,False,,,
Topre_Slider_Black,Topre_Slider_Black-DataLog_0.csv,Topre_Slider_Black/Topre_Slider_Black-DataLog_0.csv,e3750bb2d88d0e4fbf1ce8643891a0395e73084b0a895f7da5d4f773a017fc98,0b3554da733e259b6904e324b873c841433e824e,acq_sha256:e3750bb2d88d0e4fbf1ce8643891a0395e73084b0a895f7da5d4f773a017fc98,61267,canonical_retention_authority,True,intake-qc-v1.4,test-imp 1.1.4,2,pass,False,,,,,,1709,0,0,True,True,True,34.0,34.0,135.0,1,0.14840301671706116,True,0,0,2,True,"{'boundary_present': True, 'consecutive_max_rows': True, 'travel_identical': True, 'steps_identical': True, 'is_expected_shared_maximum': True, 'phase_split_satisfied': True}",0.0,0.0,0,0,0,True,False,False,0.005,4.275,0.01,4.2700000000000005,4.265000000000001,854,0.9988290398126464,True,True,True,True,True,True,False,False,False,False,False,False,False,0,0,1,False,0,714.0,0.1969,False,,,
Topre_Slider_Black,Topre_Slider_Black-DataLog_1.csv,Topre_Slider_Black/Topre_Slider_Black-DataLog_1.csv,295b17b213b625945f5195f65040d9c2d9d62a60d5c43fda39b8a083a5a5ff70,264df1c5112c59e4e90f5fd4debc5aab5dbd7cfe,acq_sha256:295b17b213b625945f5195f65040d9c2d9d62a60d5c43fda39b8a083a5a5ff70,61092,canonical_retention_authority,True,intake-qc-v1.4,test-imp 1.1.4,2,pass,False,,,,,,1708,0,0,True,True,True,34.0,34.0,134.0,2,0.14796077480162165,True,0,0,2,True,"{'boundary_present': True, 'consecutive_max_rows': True, 'travel_identical': True, 'steps_identical': True, 'is_expected_shared_maximum': True, 'phase_split_satisfied': True}",0.0,0.0,0,0,0,True,False,False,0.005,4.265,-0.005,4.26,4.27,855,1.0023474178403755,True,True,True,True,True,True,False,False,False,False,False,False,False,0,0,1,False,0,200.0,0.0115,False,,,
Topre_Slider_Black,Topre_Slider_Black-DataLog_2.csv,Topre_Slider_Black/Topre_Slider_Black-DataLog_2.csv,e45f432a6e3929ecce4b0d6a31140e865ec3f08e563b76239329d1ab1eeeece3,b7e8414ba3b7f425f47c1984c0b9e43b6cf36cd3,acq_sha256:e45f432a6e3929ecce4b0d6a31140e865ec3f08e563b76239329d1ab1eeeece3,64638,canonical_retention_authority,True,intake-qc-v1.4,test-imp 1.1.4,2,pass,False,,,,,,1708,0,0,True,True,True,34.0,34.0,124.0,1,0.14829847018420228,True,0,0,2,True,"{'boundary_present': True, 'consecutive_max_rows': True, 'travel_identical': True, 'steps_identical': True, 'is_expected_shared_maximum': True, 'phase_split_satisfied': True}",0.0,0.0,0,0,0,True,False,False,0.005,4.26,-0.015,4.255,4.2749999999999995,856,1.0047003525264393,True,True,True,True,True,True,False,False,False,False,False,False,False,0,0,1,False,0,92.0,0.0568,False,,,
Topre_Slider_Black,Topre_Slider_Black-DataLog_3.csv,Topre_Slider_Black/Topre_Slider_Black-DataLog_3.csv,3d1c5946158643afce7c4eeae8ec626878126bf8397174a4e2a596b30fbd063d,cb47df2b70d3f546667508c2b4630cf63caea59d,acq_sha256:3d1c5946158643afce7c4eeae8ec626878126bf8397174a4e2a596b30fbd063d,64601,canonical_retention_authority,True,intake-qc-v1.4,test-imp 1.1.4,2,pass,False,,,,,,1707,0,0,True,True,True,34.0,34.0,135.0,1,0.14804541908641758,True,0,0,2,True,"{'boundary_present': True, 'consecutive_max_rows': True, 'travel_identical': True, 'steps_identical': True, 'is_expected_shared_maximum': True, 'phase_split_satisfied': True}",0.0,0.0,0,0,0,True,False,False,0.005,4.26,-0.01,4.255,4.27,855,1.0035252643948296,True,True,True,True,True,True,False,False,False,False,False,False,False,0,0,1,False,0,188.0,0.0007,False,,,
Topre_Slider_Black_Silenced_0.3mm_Poron,Topre_Slider_Black_Silenced_0.3mm_Poron-DataLog_1.csv,Topre_Slider_Black_Silenced_0.3mm_Poron/Topre_Slider_Black_Silenced_0.3mm_Poron-DataLog_1.csv,815a0f5622be8e52c34adefa208102b96222b6644f93b4f26e313fb43f1d6dec,93244cc7ce076454225b521595ffca044c5bfb9f,acq_sha256:815a0f5622be8e52c34adefa208102b96222b6644f93b4f26e313fb43f1d6dec,59048,canonical_retention_authority,True,intake-qc-v1.4,test-imp 1.1.4,2,pass,False,,,,,,1601,0,0,True,True,True,34.0,34.0,146.0,2,0.14785417628057224,True,0,0,2,True,"{'boundary_present': True, 'consecutive_max_rows': True, 'travel_identical': True, 'steps_identical': True, 'is_expected_shared_maximum': True, 'phase_split_satisfied': True}",0.0,0.0,0,0,0,True,False,False,0.005,4.01,0.02,4.005,3.9899999999999998,799,0.9962546816479401,True,True,True,True,True,True,False,False,False,False,False,False,False,0,0,0,False,0,1325.0,0.3754,False,,,
Topre_Slider_Black_Silenced_0.3mm_Poron,Topre_Slider_Black_Silenced_0.3mm_Poron-DataLog_2.csv,Topre_Slider_Black_Silenced_0.3mm_Poron/Topre_Slider_Black_Silenced_0.3mm_Poron-DataLog_2.csv,3058d7ab29d4ff5593ed8407077058067420a602e27102cb74566884e05bc723,61b0f0caea38767d5b1cf9c55ca34e6083e084b0,acq_sha256:3058d7ab29d4ff5593ed8407077058067420a602e27102cb74566884e05bc723,58971,canonical_retention_authority,True,intake-qc-v1.4,test-imp 1.1.4,2,pass,False,,,,,,1599,0,0,True,True,True,34.0,34.0,135.0,1,0.1481042654028436,True,0,0,2,True,"{'boundary_present': True, 'consecutive_max_rows': True, 'travel_identical': True, 'steps_identical': True, 'is_expected_shared_maximum': True, 'phase_split_satisfied': True}",0.0,0.0,0,0,0,True,False,False,0.005,4.005,0.02,4.0,3.985,798,0.99625,True,True,True,True,True,True,False,False,False,False,False,False,False,0,0,1,False,0,3548.0,0.8683,False,,,
Topre_Slider_Black_Silenced_0.5mm_Poron,Topre_Slider_Black_Silenced_0.5mm_Poron-DataLog_2.csv,Topre_Slider_Black_Silenced_0.5mm_Poron/Topre_Slider_Black_Silenced_0.5mm_Poron-DataLog_2.csv,987958fd28d49dd7e64c143a9abe1157b121e8cc10191fd3e694ccb4029d5f2d,d9a0d0a5af39b70d4af80a2830d0319f756869ab,acq_sha256:987958fd28d49dd7e64c143a9abe1157b121e8cc10191fd3e694ccb4029d5f2d,56790,canonical_retention_authority,True,intake-qc-v1.4,test-imp 1.1.4,2,pass,False,,,,,,1540,0,0,True,True,True,34.0,34.0,146.0,2,0.14846357463459547,True,0,0,2,True,"{'boundary_present': True, 'consecutive_max_rows': True, 'travel_identical': True, 'steps_identical': True, 'is_expected_shared_maximum': True, 'phase_split_satisfied': True}",0.0,0.0,0,0,0,True,False,False,0.005,3.875,0.055,3.87,3.82,765,0.9870801033591731,True,True,True,True,True,True,False,False,False,False,False,False,False,0,0,0,False,0,2068.0,0.5638,False,,,
Topre_Slider_Black_Silenced_0.5mm_Poron,Topre_Slider_Black_Silenced_0.5mm_Poron-DataLog_3.csv,Topre_Slider_Black_Silenced_0.5mm_Poron/Topre_Slider_Black_Silenced_0.5mm_Poron-DataLog_3.csv,0fbcdff8ff62c73d7955ecb598898831c89414ee37abaca579ff5e9dc39f567c,2019c78a99ff18a755d0a96962205c665155f8e8,acq_sha256:0fbcdff8ff62c73d7955ecb598898831c89414ee37abaca579ff5e9dc39f567c,58313,canonical_retention_authority,True,intake-qc-v1.4,test-imp 1.1.4,2,pass,False,,,,,,1539,0,0,True,True,True,34.0,34.0,135.0,1,0.14883756706343865,True,0,0,2,True,"{'boundary_present': True, 'consecutive_max_rows': True, 'travel_identical': True, 'steps_identical': True, 'is_expected_shared_maximum': True, 'phase_split_satisfied': True}",0.0,0.0,0,0,0,True,False,False,0.005,3.875,0.06,3.87,3.815,764,0.9857881136950905,True,True,True,True,True,True,False,False,False,False,False,False,False,0,0,1,False,0,3004.0,0.8565,False,,,
Topre_Slider_Silenced_Purple,Topre_Slider_Silenced_Purple-DataLog_1.csv,Topre_Slider_Silenced_Purple/Topre_Slider_Silenced_Purple-DataLog_1.csv,50475634e1cb9edc9b22ed2a1157127c8694701492dd6b8372e31264baa405d8,bc21d7ebd49ffdea6e168e85bc7c522eec10713d,acq_sha256:50475634e1cb9edc9b22ed2a1157127c8694701492dd6b8372e31264baa405d8,61929,canonical_retention_authority,True,intake-qc-v1.4,test-imp 1.1.4,2,pass,False,,,,,,1730,0,0,True,True,True,34.0,34.0,134.0,1,0.1489949705614776,True,0,0,2,True,"{'boundary_present': True, 'consecutive_max_rows': True, 'travel_identical': True, 'steps_identical': True, 'is_expected_shared_maximum': True, 'phase_split_satisfied': True}",0.0,0.0,0,0,0,True,False,False,0.005,4.345,0.045,4.34,4.3,861,0.9907834101382489,True,True,True,True,True,True,False,False,False,False,False,False,False,0,0,1,False,0,2991.0,0.889,False,,,
Topre_Slider_Silenced_Purple,Topre_Slider_Silenced_Purple-DataLog_2.csv,Topre_Slider_Silenced_Purple/Topre_Slider_Silenced_Purple-DataLog_2.csv,d777d3677d84cdc5aad25762fb8d52073313dc96560e443179341a60ea51ec0e,5b2b1efc5ba04e5f5b8c7ad86a4816773df5ac03,acq_sha256:d777d3677d84cdc5aad25762fb8d52073313dc96560e443179341a60ea51ec0e,63527,canonical_retention_authority,True,intake-qc-v1.4,test-imp 1.1.4,2,pass,False,,,,,,1725,0,0,True,True,True,34.0,34.0,146.0,1,0.1480694418261898,True,0,0,2,True,"{'boundary_present': True, 'consecutive_max_rows': True, 'travel_identical': True, 'steps_identical': True, 'is_expected_shared_maximum': True, 'phase_split_satisfied': True}",0.0,0.0,0,0,0,True,False,False,0.005,4.325,0.03,4.32,4.295,860,0.9942129629629629,True,True,True,True,True,True,False,False,False,False,False,False,False,0,0,1,False,0,1892.0,0.4417,False,,,
Topre_Slider_Type-S,Topre_Slider_Type-S-DataLog_1.csv,Topre_Slider_Type-S/Topre_Slider_Type-S-DataLog_1.csv,4c57653165404301f0f76207d1e8a0dbd4f76d13e53d786a8b90d897ac7cfbfe,087d7ca7e53826f0134e9cc31537dcf99e5927f9,acq_sha256:4c57653165404301f0f76207d1e8a0dbd4f76d13e53d786a8b90d897ac7cfbfe,60152,canonical_retention_authority,True,intake-qc-v1.4,test-imp 1.1.4,2,pass,False,,,,,,1678,0,0,True,True,True,34.0,34.0,146.0,2,0.14845710650030045,True,0,0,2,True,"{'boundary_present': True, 'consecutive_max_rows': True, 'travel_identical': True, 'steps_identical': True, 'is_expected_shared_maximum': True, 'phase_split_satisfied': True}",0.0,0.0,0,0,0,True,False,False,0.005,4.205,0.025,4.2,4.18,837,0.9952380952380951,True,True,True,True,True,True,False,False,False,False,False,False,False,0,0,1,False,0,3503.0,0.975,False,,,
Topre_Slider_Type-S,Topre_Slider_Type-S-DataLog_2.csv,Topre_Slider_Type-S/Topre_Slider_Type-S-DataLog_2.csv,aed0617c57c523b9b04f825b4e77bac92fb457240518448ec66daa016cc52883,9f6a4942b73d59aded28388b3c2fb933325a5a2e,acq_sha256:aed0617c57c523b9b04f825b4e77bac92fb457240518448ec66daa016cc52883,61715,canonical_retention_authority,True,intake-qc-v1.4,test-imp 1.1.4,2,pass,False,,,,,,1675,0,0,True,True,True,34.0,34.0,113.0,1,0.14811672587800698,True,0,0,2,True,"{'boundary_present': True, 'consecutive_max_rows': True, 'travel_identical': True, 'steps_identical': True, 'is_expected_shared_maximum': True, 'phase_split_satisfied': True}",0.0,0.0,0,0,0,True,False,False,0.005,4.195,0.02,4.19,4.175000000000001,836,0.996420047732697,True,True,True,True,True,True,False,False,False,False,False,False,False,0,0,0,False,0,2159.0,0.6504,False,,,
Topre_Slider_Type-S,Topre_Slider_Type-S-DataLog_3.csv,Topre_Slider_Type-S/Topre_Slider_Type-S-DataLog_3.csv,87e856c5c4d5b1bf5010e47c231ecc9e14b9ad982e75b0f1a4cba6fa7a04211d,b49f0ef743dfe05fd3df8237cfbd3922174a3515,acq_sha256:87e856c5c4d5b1bf5010e47c231ecc9e14b9ad982e75b0f1a4cba6fa7a04211d,63348,canonical_retention_authority,True,intake-qc-v1.4,test-imp 1.1.4,2,pass,False,,,,,,1674,0,0,True,True,True,34.0,34.0,135.0,2,0.1477232615601836,True,0,0,2,True,"{'boundary_present': True, 'consecutive_max_rows': True, 'travel_identical': True, 'steps_identical': True, 'is_expected_shared_maximum': True, 'phase_split_satisfied': True}",0.0,0.0,0,0,0,True,False,False,0.005,4.19,0.015,4.1850000000000005,4.175000000000001,836,0.997610513739546,True,True,True,True,True,True,False,False,False,False,False,False,False,0,0,1,False,0,2515.0,0.6206,False,,,
