set,run,raw_path,sha256,git_blob_oid,acquisition_id,raw_bytes,excluded_by_registry,qc_disposition,qc_disposition_flags,legacy_membership_evaluated,retained_conventional,retained_legacy,retained_output,retained_review_candidate,retained_canonical,output_membership_authority,release_eligible,intake_policy_version,intake_implementation_parity_target,intake_decision_manifest_version,intake_policy_role,intake_set_status,intake_individually_acceptable,intake_matches_replicate_band,intake_retained,intake_decision_reasons,exclusion_reason,intake_ramp_review_required,intake_ramp_review_ramp_gf_per_mm,intake_ramp_review_retained_median_gf_per_mm,intake_ramp_review_signed_deviation_pct,intake_ramp_review_absolute_deviation_pct,intake_ramp_review_threshold_pct,collapse_force_gf,collapse_travel_mm,valley_force_gf,valley_travel_mm,snap_pct,travel_mm,full_stroke_press_work_gf_mm,precollapse_work_gf_mm,drop_gf,drop_travel_mm,drop_rate_gf_per_mm,norm_drop_rate_per_mm,steepest_drop_0p10mm_gf_per_mm,ramp_10_90_gf_per_mm,force_wall_travel_mm,force_wall_found,steepest_drop_start_mm,steepest_drop_end_mm,ramp_baseline_force_gf,ramp_x10_mm,ramp_x90_mm,ramp_x10_cross_count,ramp_x90_cross_count,ramp_x10_eligible_cross_count,ramp_x90_eligible_cross_count,ramp_band_sample_count,ramp_band_complete,quality_flags
Astro_Domes_Big_D_160g,DataLog_1.csv,Astro_Domes_Big_D_160g/DataLog_1.csv,c9a7b5c527a3aefbf7565ccdb2ac03ebffd1f392caa20a64dd3e9c56d83ae32e,25718063df9fde8d59c52935ea43288a948d0b10,acq_sha256:c9a7b5c527a3aefbf7565ccdb2ac03ebffd1f392caa20a64dd3e9c56d83ae32e,56587,False,pass,,False,,,True,False,True,intake-qc-v1.4 canonical retention authority,True,intake-qc-v1.4,test-imp 1.1.4,2,canonical_retention_authority,accepted,True,True,True,retained,retained,False,,,,,,112.46209999999999,1.135,41.847671428571424,2.96,62.78953404874048,3.595,264.99348424999977,95.78248174999995,70.61442857142856,1.825,38.69283757338552,0.34405224136296153,89.06742857142874,94.8358688699786,3.595,True,2.0949999999999998,2.195,37.48174285714286,0.1397815164199317,0.7722878289473686,1,1,1,1,21,True,
Astro_Domes_Big_D_160g,DataLog_2.csv,Astro_Domes_Big_D_160g/DataLog_2.csv,fd47ba4e02958b65ac00ed42a111cdc24050d8ab4384825dcf9daac12d91cc1b,51ca8fff567b07e50082cdf16d45b78c08c113cc,acq_sha256:fd47ba4e02958b65ac00ed42a111cdc24050d8ab4384825dcf9daac12d91cc1b,56472,False,pass,,False,,,True,False,True,intake-qc-v1.4 canonical retention authority,True,intake-qc-v1.4,test-imp 1.1.4,2,canonical_retention_authority,accepted,True,True,True,retained,retained,False,,,,,,112.8416,1.14,42.22588571428571,2.94,62.57950462038316,3.58,265.98493675000014,97.38810674999999,70.61571428571429,1.8,39.23095238095238,0.34766391455768425,80.92114285714281,93.92505038746071,3.58,True,2.235,2.335,38.921842857142856,0.13862122021175965,0.7682275443003601,1,1,1,1,21,True,
Astro_Domes_Big_D_160g,DataLog_3.csv,Astro_Domes_Big_D_160g/DataLog_3.csv,6b0f6e2722ddaff355ce21d03202a2cb1b34ab90e5fbb189554e25261845398a,eeb4fdc9795f0f15be16f3c078ca850b31c2f02e,acq_sha256:6b0f6e2722ddaff355ce21d03202a2cb1b34ab90e5fbb189554e25261845398a,56685,False,pass,,False,,,True,False,True,intake-qc-v1.4 canonical retention authority,True,intake-qc-v1.4,test-imp 1.1.4,2,canonical_retention_authority,accepted,True,True,True,retained,retained,False,,,,,,112.14452857142858,1.14,42.0495,2.975,62.5041894280047,3.6,264.6952065,94.63122625000001,70.09502857142857,1.8350000000000002,38.19892565200467,0.34062228571119724,67.96914285714301,94.48758788219477,3.6,True,2.3449999999999998,2.445,36.627042857142854,0.13995468263917912,0.7793401291885347,1,1,1,1,21,True,
Astro_Domes_Big_D_160g,DataLog_4.csv,Astro_Domes_Big_D_160g/DataLog_4.csv,2408bfab8e0de2d75b56edfc10f60eda8851ec823cfd3aed61324abf951c1758,7c5deec5913a573cbe874c212f3464d2dafaa8a4,acq_sha256:2408bfab8e0de2d75b56edfc10f60eda8851ec823cfd3aed61324abf951c1758,56611,False,pass,,False,,,True,False,True,intake-qc-v1.4 canonical retention authority,True,intake-qc-v1.4,test-imp 1.1.4,2,canonical_retention_authority,accepted,True,True,True,retained,retained,False,,,,,,112.33067142857143,1.1,42.07254285714286,2.98,62.54581022076785,3.585,265.22334124999975,92.08014699999998,70.25812857142859,1.88,37.37134498480244,0.33269047989770134,65.3154285714286,92.99884280392293,3.585,True,2.355,2.455,38.86267142857143,0.1390768668237589,0.7710675263625972,1,1,1,1,21,True,
Astro_Domes_Fiesta_120g,DataLog_1.csv,Astro_Domes_Fiesta_120g/DataLog_1.csv,2ab7a7d80ab3d224272bdb3bb4343701176d008f74aec702c7f6fe7168bcc338,eb151d457258358c7fdf4d8bfaaa17b41b615e5f,acq_sha256:2ab7a7d80ab3d224272bdb3bb4343701176d008f74aec702c7f6fe7168bcc338,55654,False,pass_with_offset_note,baseline_zero_offset,False,,,True,False,True,intake-qc-v1.4 canonical retention authority,True,intake-qc-v1.4,test-imp 1.1.4,2,canonical_retention_authority,accepted,True,True,True,retained,retained,False,,,,,,103.50587142857144,1.095,39.4068,2.935,61.92795688194915,3.495,245.44823850000006,88.70394974999996,64.09907142857145,1.84,34.83645186335405,0.3365649830540715,84.10457142857155,80.8839155781291,3.495,True,2.13,2.23,41.64821428571429,0.12631194263276987,0.7381285857882937,1,1,1,1,21,True,
Astro_Domes_Fiesta_120g,DataLog_2.csv,Astro_Domes_Fiesta_120g/DataLog_2.csv,14a95089adfb8a3ad28f2eded623a8104efc185b979031f74f161695d872e84c,6a1082fead77f064892ce3541fe7dc9cfa83b389,acq_sha256:14a95089adfb8a3ad28f2eded623a8104efc185b979031f74f161695d872e84c,57157,False,pass_with_offset_note,baseline_zero_offset,False,,,True,False,True,intake-qc-v1.4 canonical retention authority,True,intake-qc-v1.4,test-imp 1.1.4,2,canonical_retention_authority,accepted,True,True,True,retained,retained,False,,,,,,101.19754285714285,1.1,39.58307142857143,2.905,60.88534334825746,3.485,240.73239725000005,87.47791800000002,61.61447142857142,1.8049999999999997,34.13544123466561,0.3373149215969943,81.18928571428569,76.14265212655668,3.485,True,2.195,2.295,42.86642857142857,0.13125941994329246,0.7441208074217549,1,1,1,1,21,True,
Astro_Domes_Lean_90g,DataLog_1.csv,Astro_Domes_Lean_90g/DataLog_1.csv,6a93ed4cbb749421027ee2878d9a09a8adfcac39e122a80021878916315d628f,07d6503e3c61f66804efca9d1bad3031fceb5dd1,acq_sha256:6a93ed4cbb749421027ee2878d9a09a8adfcac39e122a80021878916315d628f,57550,False,pass,,False,,,True,False,True,intake-qc-v1.4 canonical retention authority,True,intake-qc-v1.4,test-imp 1.1.4,2,canonical_retention_authority,accepted,True,True,True,retained,retained,False,,,,,,90.79442857142858,1.055,33.19224285714286,2.975,63.44242330791222,3.61,215.37305375000008,71.534464,57.602185714285724,1.9200000000000002,30.001138392857147,0.3304292880620428,76.30228571428567,81.12319611677204,3.61,True,1.995,2.095,31.069257142857143,0.13808914400184916,0.7270715735658974,1,1,1,1,21,True,
Astro_Domes_Lean_90g,DataLog_2.csv,Astro_Domes_Lean_90g/DataLog_2.csv,b1318d524f226b767ab5f4581a8d9173312be03e5ca85861baa35051f1c6e185,e767e677821cb51b7922ed06e5addf5a8f55e4ea,acq_sha256:b1318d524f226b767ab5f4581a8d9173312be03e5ca85861baa35051f1c6e185,59341,False,pass,,False,,,True,False,True,intake-qc-v1.4 canonical retention authority,True,intake-qc-v1.4,test-imp 1.1.4,2,canonical_retention_authority,accepted,True,True,True,retained,retained,False,,,,,,89.71402857142857,1.06,33.22678571428572,2.995,62.963667730257825,3.605,213.38856625000008,70.84646049999999,56.48724285714285,1.935,29.19237356958287,0.32539363168091895,73.87514285714289,80.78082807634094,3.605,True,2.1,2.2,30.113814285714284,0.13825669073916738,0.7284978725145246,1,1,1,1,21,True,
Astro_Domes_Pepper_50g,DataLog_1.csv,Astro_Domes_Pepper_50g/DataLog_1.csv,77f1e092ffc03b2d2379c4afbdb5aa353e8ae10c7a7726652eb6d7f94dad6afa,820758c6de571231d97052efca230c4a49fddf8f,acq_sha256:77f1e092ffc03b2d2379c4afbdb5aa353e8ae10c7a7726652eb6d7f94dad6afa,58625,False,pass_with_offset_note,baseline_zero_offset,False,,,True,False,True,intake-qc-v1.4 canonical retention authority,True,intake-qc-v1.4,test-imp 1.1.4,2,canonical_retention_authority,accepted,True,True,True,retained,retained,False,,,,,,46.546,0.915,18.54647142857143,2.855,60.15453222925401,3.565,112.29059975000001,34.10558274999998,27.99952857142857,1.94,14.432746686303387,0.31007490839821655,24.86842857142861,33.91591199263928,3.565,True,1.9899999999999998,2.09,24.693757142857145,0.12647397112691236,0.6419191783649879,1,1,1,1,21,True,
Astro_Domes_Pepper_50g,DataLog_2.csv,Astro_Domes_Pepper_50g/DataLog_2.csv,40c584fdaf43f42600f7ded69184ebb4106f6c4bb1a56a6f6a3c791be6fc04dd,882fcccd2f7bc443a87ef33942b1dcfbab1377d0,acq_sha256:40c584fdaf43f42600f7ded69184ebb4106f6c4bb1a56a6f6a3c791be6fc04dd,61901,False,pass,,False,,,True,False,True,intake-qc-v1.4 canonical retention authority,True,intake-qc-v1.4,test-imp 1.1.4,2,canonical_retention_authority,accepted,True,True,True,retained,retained,False,,,,,,46.636714285714284,0.96,19.137985714285715,2.85,58.96369200231577,3.56,113.31877149999998,36.1518755,27.49872857142857,1.8900000000000001,14.549591836734692,0.3119772063614591,23.54614285714284,34.308294126057845,3.56,True,2.05,2.15,24.718228571428572,0.12947926603927637,0.640574003276898,1,1,1,1,21,True,
Astro_Domes_Shiner_35g,DataLog_1.csv,Astro_Domes_Shiner_35g/DataLog_1.csv,4aaa79fd15a647813fe301ae8510112cfdebf865ff412f4870ca9cd8e344b873,3bd44aa80349f67742261c42288d5ec6c61f47e9,acq_sha256:4aaa79fd15a647813fe301ae8510112cfdebf865ff412f4870ca9cd8e344b873,61844,False,pass,,False,,,True,False,True,intake-qc-v1.4 canonical retention authority,True,intake-qc-v1.4,test-imp 1.1.4,2,canonical_retention_authority,accepted,True,True,True,retained,retained,False,,,,,,35.422314285714286,1.02,18.725357142857142,2.795,47.136833037447744,3.465,90.97064950000005,29.310610999999994,16.696957142857144,1.775,9.406736418511068,0.2655596227461845,16.59757142857142,23.746214447590013,3.465,True,1.98,2.08,18.259,0.12253075919175557,0.7007556151525314,1,1,1,1,21,True,
Astro_Domes_Shiner_35g,DataLog_2.csv,Astro_Domes_Shiner_35g/DataLog_2.csv,30ea1749675bae41b46785e16ca9e10dbf2376c378853a4cc27b5f0b23662cd0,1f34b8aaf1c5a0b016f8521889ed7417c0250904,acq_sha256:30ea1749675bae41b46785e16ca9e10dbf2376c378853a4cc27b5f0b23662cd0,58557,False,pass,,False,,,True,False,True,intake-qc-v1.4 canonical retention authority,True,intake-qc-v1.4,test-imp 1.1.4,2,canonical_retention_authority,accepted,True,True,True,retained,retained,False,,,,,,35.581714285714284,0.995,18.31842857142857,2.805,48.51729620350742,3.465,90.8519280000001,28.81796249999999,17.263285714285715,1.81,9.537726913970008,0.26805136024037246,16.671428571428564,23.836987652381932,3.465,True,1.98,2.08,18.876842857142858,0.12424062014727251,0.6848776158006114,1,1,1,1,21,True,
Astro_Domes_Weird_70g,DataLog_1.csv,Astro_Domes_Weird_70g/DataLog_1.csv,241575e104aa123cae90896eb05d61f94e83a6953d6241d4197650c7828aa251,1c229c2eace4979d1606bdf46a1e2f5819505b6f,acq_sha256:241575e104aa123cae90896eb05d61f94e83a6953d6241d4197650c7828aa251,58219,False,pass,,False,,,True,False,True,intake-qc-v1.4 canonical retention authority,True,intake-qc-v1.4,test-imp 1.1.4,2,canonical_retention_authority,accepted,True,True,True,retained,retained,False,,,,,,74.6720142857143,1.02,27.772,2.925,62.8080208286103,3.57,174.81208775000027,59.18224850000003,46.9000142857143,1.9049999999999998,24.619430071241105,0.32970089673811187,42.09071428571434,62.78312106325636,3.57,True,1.975,2.075,31.092557142857142,0.12815133870807208,0.6834529090004977,1,1,1,1,21,True,
Astro_Domes_Weird_70g,DataLog_2.csv,Astro_Domes_Weird_70g/DataLog_2.csv,2ed4c41cc8999cdff15cba306fb8a8f23a7bba937baa79de961abc4546e4b7c7,af78cf25d3220d3e61b0851f9886b61e668b68fa,acq_sha256:2ed4c41cc8999cdff15cba306fb8a8f23a7bba937baa79de961abc4546e4b7c7,59825,False,pass,,False,,,True,False,True,intake-qc-v1.4 canonical retention authority,True,intake-qc-v1.4,test-imp 1.1.4,2,canonical_retention_authority,accepted,True,True,True,retained,retained,False,,,,,,73.37227142857144,1.045,27.626014285714287,2.925,62.34815448965831,3.565,171.89040624999964,59.441473,45.74625714285715,1.88,24.33311550151976,0.3316391196258421,40.473571428571375,61.194756993556624,3.565,True,1.9899999999999998,2.09,29.961485714285715,0.1291351340786491,0.6966450038389826,1,1,1,1,21,True,
Astro_Domes_Whatadome_60g,DataLog_1.csv,Astro_Domes_Whatadome_60g/DataLog_1.csv,8810f0df1906710f0045db44ea5c297bc260eb5b7f335a00ef26939a078958bc,53f717649c71948d25d3f4e7dbfd1b830f920833,acq_sha256:8810f0df1906710f0045db44ea5c297bc260eb5b7f335a00ef26939a078958bc,58646,False,pass,,False,,,True,False,True,intake-qc-v1.4 canonical retention authority,True,intake-qc-v1.4,test-imp 1.1.4,2,canonical_retention_authority,accepted,True,True,True,retained,retained,False,,,,,,63.21465714285715,1.095,24.1053,2.96,61.86754608899474,3.6,148.79841975000005,51.75973025,39.10935714285715,1.865,20.97016468785906,0.33172946964608435,35.89828571428569,60.35577137433513,3.6,True,2.015,2.115,18.452385714285715,0.12994191197605806,0.7232541392485676,1,1,1,1,21,True,
Astro_Domes_Whatadome_60g,DataLog_2.csv,Astro_Domes_Whatadome_60g/DataLog_2.csv,66ea65856b34228d3a8829bab95aa2c901e416c471e8a798e5a79a4a3c6077b6,8ebb7c4774f7db9c46112b0172f347071607899b,acq_sha256:66ea65856b34228d3a8829bab95aa2c901e416c471e8a798e5a79a4a3c6077b6,60414,False,pass,,False,,,True,False,True,intake-qc-v1.4 canonical retention authority,True,intake-qc-v1.4,test-imp 1.1.4,2,canonical_retention_authority,accepted,True,True,True,retained,retained,False,,,,,,63.2991,1.085,24.19597142857143,2.975,61.77517306158945,3.595,148.83000449999992,50.99479475000001,39.10312857142857,1.8900000000000001,20.689486016628873,0.3268527675216373,35.93100000000014,61.15817373413128,3.595,True,2.0349999999999997,2.135,18.03002857142857,0.13068700405129408,0.722844273172724,1,1,1,1,21,True,
BKE_Redux_v1_Extreme_01,BKE_Redux_Extreme_01-DataLog_1.csv,BKE_Redux_v1_Extreme_01/BKE_Redux_Extreme_01-DataLog_1.csv,2b5daaa1211cbc69dfd5870b9603c29e63997e77e51be3c97847d4266162105f,fb7503e4f2733baea91e93dff3da7d4d7030a2ac,acq_sha256:2b5daaa1211cbc69dfd5870b9603c29e63997e77e51be3c97847d4266162105f,52454,False,pass,,False,,,True,False,True,intake-qc-v1.4 canonical retention authority,True,intake-qc-v1.4,test-imp 1.1.4,2,canonical_retention_authority,accepted,True,True,True,retained,retained,False,,,,,,132.99805714285714,0.955,52.19684285714286,2.855,60.75368018265358,3.3,311.75247274999987,108.43255299999998,80.80121428571428,1.9,42.52695488721805,0.31975621148765043,68.79628571428576,74.98894673389842,3.3,True,2.38,2.48,91.09002857142856,0.20035780209033674,0.6474426634914823,2,1,2,1,21,True,
BKE_Redux_v1_Extreme_01,BKE_Redux_Extreme_01-DataLog_2.csv,BKE_Redux_v1_Extreme_01/BKE_Redux_Extreme_01-DataLog_2.csv,0aa66c2f5385fb116d8f2c1946a5e9bbf21be0d0325f0ccd013d2cd4e12b4751,04629546f2bfbcd5dddaf0621b348508e88d7b84,acq_sha256:0aa66c2f5385fb116d8f2c1946a5e9bbf21be0d0325f0ccd013d2cd4e12b4751,53909,False,pass,,False,,,True,False,True,intake-qc-v1.4 canonical retention authority,True,intake-qc-v1.4,test-imp 1.1.4,2,canonical_retention_authority,accepted,True,True,True,retained,retained,False,,,,,,131.87575714285714,0.945,52.3202,2.835,60.32614247414476,3.3,309.50259524999996,106.10038524999997,79.55555714285714,1.8900000000000001,42.092887377173085,0.31918593901663894,63.6888571428571,75.04291819913281,3.3,True,2.025,2.125,88.83672857142857,0.18756652312510483,0.6463869379412859,1,1,1,1,21,True,
BKE_Redux_v1_Extreme_01,BKE_Redux_Extreme_01-DataLog_3.csv,BKE_Redux_v1_Extreme_01/BKE_Redux_Extreme_01-DataLog_3.csv,5a238c2970b761d30fc1b951724565db06136510d1959d42ed0312ab7d6bcbaf,0c700e319864cbf8ab0cfefa7bca3e0e75f83027,acq_sha256:5a238c2970b761d30fc1b951724565db06136510d1959d42ed0312ab7d6bcbaf,55400,False,pass,,False,,,True,False,True,intake-qc-v1.4 canonical retention authority,True,intake-qc-v1.4,test-imp 1.1.4,2,canonical_retention_authority,accepted,True,True,True,retained,retained,False,,,,,,131.21227142857143,0.94,52.21208571428571,2.86,60.20792480320058,3.31,308.7297584999997,104.43053999999997,79.00018571428572,1.92,41.14593005952381,0.31358294168333634,63.0915714285716,75.35007295602406,3.31,True,1.9649999999999999,2.065,88.23684285714286,0.1990798460968249,0.6553546910755148,1,1,1,1,21,True,
BKE_Redux_v1_Heavy_01,DataLog_1.csv,BKE_Redux_v1_Heavy_01/DataLog_1.csv,36ef7bfad85ba95eb1afcbc265e3427e58600914fdf68cb4c8775d1ff00c44be,8192e44742986b5f103e021fc92353f93cd43bbe,acq_sha256:36ef7bfad85ba95eb1afcbc265e3427e58600914fdf68cb4c8775d1ff00c44be,53235,False,pass,,False,,,True,False,True,intake-qc-v1.4 canonical retention authority,True,intake-qc-v1.4,test-imp 1.1.4,2,canonical_retention_authority,accepted,True,True,True,retained,retained,False,,,,,,88.5358,0.745,38.9585,2.77,55.996896170814516,3.22,206.52541174999982,58.16930275000003,49.577299999999994,2.025,24.482617283950617,0.27652788232500997,47.67099999999992,42.366033662297866,3.22,True,1.915,2.015,67.15715714285714,0.1075123213110832,0.5112063376554644,1,1,1,1,21,True,
BKE_Redux_v1_Heavy_01,DataLog_2.csv,BKE_Redux_v1_Heavy_01/DataLog_2.csv,08419fc1da7eea085c23ffa6a8add0192cb4ae5800120d5f62813eee08c23c3c,dad92d64e0557a666097622eb4000f6846ba6f7d,acq_sha256:08419fc1da7eea085c23ffa6a8add0192cb4ae5800120d5f62813eee08c23c3c,54751,False,pass,,False,,,True,False,True,intake-qc-v1.4 canonical retention authority,True,intake-qc-v1.4,test-imp 1.1.4,2,canonical_retention_authority,accepted,True,True,True,retained,retained,False,,,,,,88.06238571428571,0.765,39.137414285714286,2.755,55.55717237471423,3.22,206.2984887499999,59.54167700000003,48.924971428571425,1.9899999999999998,24.585412778176597,0.2791817707272072,57.40299999999998,40.92956736768644,3.22,True,1.92,2.02,66.75302857142857,0.10854909615249347,0.52505693658827,1,1,1,1,21,True,
BKE_Redux_v1_Heavy_02,DataLog_1.csv,BKE_Redux_v1_Heavy_02/DataLog_1.csv,d2c8a632b70b3d5def4c020775be0e22a1b41454ddf27ad149bb652b27943118,a670954fa6b82967f43e495758ff4d089cc66047,acq_sha256:d2c8a632b70b3d5def4c020775be0e22a1b41454ddf27ad149bb652b27943118,53267,False,pass,,False,,,True,False,True,intake-qc-v1.4 canonical retention authority,True,intake-qc-v1.4,test-imp 1.1.4,2,canonical_retention_authority,accepted,True,True,True,retained,retained,False,,,,,,73.68711428571429,0.75,30.926071428571426,2.62,58.03055699988639,3.21,166.55882499999996,47.659606249999996,42.76104285714286,1.87,22.86686783804431,0.3103238342239914,33.81714285714288,42.93660198567958,3.21,True,1.71,1.81,52.84207142857143,0.12759033470628237,0.5159777131782946,1,1,1,1,21,True,
BKE_Redux_v1_Heavy_02,DataLog_2.csv,BKE_Redux_v1_Heavy_02/DataLog_2.csv,e3064b3de8e1c2e67d8a03987534ebeb463d118a55c5298e2e21a08c21ce5caf,4188075f5054de4db8c123e99ae79adf642a5a97,acq_sha256:e3064b3de8e1c2e67d8a03987534ebeb463d118a55c5298e2e21a08c21ce5caf,54762,False,pass,,False,,,True,False,True,intake-qc-v1.4 canonical retention authority,True,intake-qc-v1.4,test-imp 1.1.4,2,canonical_retention_authority,accepted,True,True,True,retained,retained,False,,,,,,73.12852857142857,0.74,31.0152,2.64,57.58809782463244,3.2,165.37842525000008,46.584471499999985,42.113328571428575,1.9000000000000001,22.16490977443609,0.3030952517085918,32.49857142857145,43.02617849784101,3.2,True,1.6749999999999998,1.775,51.94737142857143,0.1288352042840143,0.5226634806003966,1,1,1,1,21,True,
BKE_Redux_v1_Heavy_03,DataLog_2.csv,BKE_Redux_v1_Heavy_03/DataLog_2.csv,29e86769730e65b01be38dd0e9508f142c4f92d2a6ba9b7819d6cb28f5e4e7d9,e7a1ab0fcd5a4267cbd60d822d61d2a868ec9cbe,acq_sha256:29e86769730e65b01be38dd0e9508f142c4f92d2a6ba9b7819d6cb28f5e4e7d9,52905,False,pass,,False,,,True,False,True,intake-qc-v1.4 canonical retention authority,True,intake-qc-v1.4,test-imp 1.1.4,2,canonical_retention_authority,accepted,True,True,True,retained,retained,False,,,,,,92.20537142857142,0.945,41.015257142857145,2.88,55.51749696639923,3.235,217.71697850000004,75.19208974999997,51.19011428571428,1.935,26.454839424141745,0.286912129025319,64.79028571428572,70.23093852138257,3.235,True,1.975,2.075,53.787699999999994,0.11004373519944413,0.5476590909090906,1,1,1,1,21,True,
BKE_Redux_v1_Heavy_03,DataLog_3.csv,BKE_Redux_v1_Heavy_03/DataLog_3.csv,158fec1f645cfb0adbb9cc11638770dd8b11c7d30d4500fee100afe4dfcafd3c,8b9a150ea29aabb5ad19269a013a0d68765d49f3,acq_sha256:158fec1f645cfb0adbb9cc11638770dd8b11c7d30d4500fee100afe4dfcafd3c,52974,False,pass,,False,,,True,False,True,intake-qc-v1.4 canonical retention authority,True,intake-qc-v1.4,test-imp 1.1.4,2,canonical_retention_authority,accepted,True,True,True,retained,retained,False,,,,,,91.81497142857143,0.93,40.97921428571429,2.885,55.36761200476485,3.235,216.8447674999999,73.34080649999994,50.83575714285713,1.9549999999999996,26.002944830105957,0.28321029158447497,64.55642857142863,69.4351261456254,3.235,True,1.98,2.08,53.335328571428576,0.1101768140733232,0.553521789369429,1,1,1,1,21,True,
BKE_Redux_v1_Heavy_03,DataLog_4.csv,BKE_Redux_v1_Heavy_03/DataLog_4.csv,bb3e685d3f8efa176b66d7de752ed2b12dbff700cfee742694a2162deadec741,48c90fccc21dc14f18605ccc7c5fb546a82003a1,acq_sha256:bb3e685d3f8efa176b66d7de752ed2b12dbff700cfee742694a2162deadec741,54413,False,pass,,False,,,True,False,True,intake-qc-v1.4 canonical retention authority,True,intake-qc-v1.4,test-imp 1.1.4,2,canonical_retention_authority,accepted,True,True,True,retained,retained,False,,,,,,91.79445714285714,0.895,40.94812857142857,2.875,55.391502007902126,3.23,216.6909529999999,70.30252574999999,50.84632857142857,1.98,25.679963924963925,0.2797550606459704,64.61299999999994,66.32566085264654,3.23,True,1.995,2.095,54.48012857142857,0.10927871095261207,0.5593528221395754,1,1,1,1,21,True,
BKE_Redux_v1_Light_01,DataLog_1.csv,BKE_Redux_v1_Light_01/DataLog_1.csv,2de845de78f69afadf26399c75fea027951453a0612d3753eeab6f1ef38bde1c,5e8326d7243a9597c67e30b1deffa2aa0d54ddfc,acq_sha256:2de845de78f69afadf26399c75fea027951453a0612d3753eeab6f1ef38bde1c,53872,False,pass,,False,,,True,False,True,intake-qc-v1.4 canonical retention authority,True,intake-qc-v1.4,test-imp 1.1.4,2,canonical_retention_authority,accepted,True,True,True,retained,retained,False,,,,,,64.3314,0.8,29.475785714285713,2.735,54.18133957245496,3.205,151.34213950000003,45.752153000000014,34.85561428571429,1.9349999999999998,18.01323735695829,0.2800069228550644,29.087428571428617,29.364667808875648,3.205,True,1.9649999999999999,2.065,49.40698571428572,0.10458032934945592,0.5111754764930116,1,1,1,1,21,True,
BKE_Redux_v1_Light_01,DataLog_2.csv,BKE_Redux_v1_Light_01/DataLog_2.csv,039443396c07de695360f86857725f4ccbc12d091f5d5ef029bf83c3a193fbbb,eac4bd28a4e548dab53644f39eff0271c3c58577,acq_sha256:039443396c07de695360f86857725f4ccbc12d091f5d5ef029bf83c3a193fbbb,55477,False,pass,,False,,,True,False,True,intake-qc-v1.4 canonical retention authority,True,intake-qc-v1.4,test-imp 1.1.4,2,canonical_retention_authority,accepted,True,True,True,retained,retained,False,,,,,,63.08907142857142,0.78,28.701114285714286,2.735,54.50699521198486,3.205,148.03585749999993,43.71156375000001,34.38795714285713,1.9549999999999998,17.58974789915966,0.2788081596520965,28.288285714285735,24.812412971224635,3.205,True,1.895,1.995,50.321157142857146,0.11144070986824418,0.5231028662420378,1,1,1,1,21,True,
BKE_Redux_v1_Light_02,DataLog_1.csv,BKE_Redux_v1_Light_02/DataLog_1.csv,6ac347ba067dcf8f8bc0584e8e618557f81708e470f477c59f543d3e7373416b,ccd6acc944fe461566375c39fae169d1e4bb68dd,acq_sha256:6ac347ba067dcf8f8bc0584e8e618557f81708e470f477c59f543d3e7373416b,54173,False,pass,,False,,,True,False,True,intake-qc-v1.4 canonical retention authority,True,intake-qc-v1.4,test-imp 1.1.4,2,canonical_retention_authority,accepted,True,True,True,retained,retained,False,,,,,,51.154671428571426,0.83,21.3544,2.615,58.25522986729044,3.25,117.09470999999994,36.83586199999998,29.800271428571428,1.7850000000000001,16.694829931972787,0.3263598311893022,25.945857142857136,31.14400605245889,3.25,True,1.795,1.895,34.72528571428571,0.10840132596507056,0.5304250228937726,1,1,1,1,21,True,
BKE_Redux_v1_Light_02,DataLog_2.csv,BKE_Redux_v1_Light_02/DataLog_2.csv,62a63ff90756714a29c6d6e78cd5f6cd603c11a6bca95afe18820101e64d4e2a,ff8a902c3b18a13e201a50d8a1caa2455cf984a8,acq_sha256:62a63ff90756714a29c6d6e78cd5f6cd603c11a6bca95afe18820101e64d4e2a,55697,False,pass,,False,,,True,False,True,intake-qc-v1.4 canonical retention authority,True,intake-qc-v1.4,test-imp 1.1.4,2,canonical_retention_authority,accepted,True,True,True,retained,retained,False,,,,,,51.39395714285714,0.805,21.523128571428572,2.64,58.121285520782465,3.25,117.70475749999987,35.86740124999998,29.870828571428568,1.835,16.278380692876603,0.3167372507944548,25.845857142857085,30.277475493767934,3.25,True,1.835,1.935,35.438900000000004,0.10869425586606911,0.5302632772632776,1,1,1,1,21,True,
BKE_Redux_v1_Light_03,DataLog_1.csv,BKE_Redux_v1_Light_03/DataLog_1.csv,935f4179e3c93b5b9efe9bfc3eef53e31a945103098658227d50a65c3301f95f,89ae9ec14526e603d52936e66563601cc8815ab9,acq_sha256:935f4179e3c93b5b9efe9bfc3eef53e31a945103098658227d50a65c3301f95f,56316,False,pass,,False,,,True,False,True,intake-qc-v1.4 canonical retention authority,True,intake-qc-v1.4,test-imp 1.1.4,2,canonical_retention_authority,accepted,True,True,True,retained,retained,False,,,,,,62.26091428571429,0.695,27.263157142857143,2.665,56.21144106919637,3.245,144.39541100000005,38.35413174999997,34.997757142857154,1.9700000000000002,17.765358955765052,0.28533726431064144,29.26099999999998,44.80965537143757,3.245,True,1.7249999999999999,1.825,44.52144285714286,0.11844493823334695,0.43515295629820133,1,1,1,1,21,True,
BKE_Redux_v1_Light_03,DataLog_2.csv,BKE_Redux_v1_Light_03/DataLog_2.csv,cd9dc3609eace445e7a3db517f3e0d0e23a5b6017b67a738f65b14ec1d32cb8e,a2741db024ebdf26e6eab257014c05505799fae7,acq_sha256:cd9dc3609eace445e7a3db517f3e0d0e23a5b6017b67a738f65b14ec1d32cb8e,54711,False,pass,,False,,,True,False,True,intake-qc-v1.4 canonical retention authority,True,intake-qc-v1.4,test-imp 1.1.4,2,canonical_retention_authority,accepted,True,True,True,retained,retained,False,,,,,,62.02428571428572,0.75,27.213414285714286,2.67,56.12458253679434,3.25,144.00902349999996,41.43875499999999,34.81087142857143,1.92,18.130662202380954,0.2923155340458039,29.673571428571464,43.673412486540315,3.25,True,1.71,1.81,44.0961,0.11942622987114576,0.44783080727504787,1,1,1,1,21,True,
BKE_Redux_v1_Ultra_Light_01,DataLog_1.csv,BKE_Redux_v1_Ultra_Light_01/DataLog_1.csv,6a4f2fe9ea0bf3ea43e975bffd2243538af8af28f291d4ff4215adc92779b8a6,6b5d636d566d5586e2669f1cfb87d71e9b23b902,acq_sha256:6a4f2fe9ea0bf3ea43e975bffd2243538af8af28f291d4ff4215adc92779b8a6,54903,False,pass,,False,,,True,False,True,intake-qc-v1.4 canonical retention authority,True,intake-qc-v1.4,test-imp 1.1.4,2,canonical_retention_authority,accepted,True,True,True,retained,retained,False,,,,,,52.46658571428571,0.895,28.108714285714285,2.775,46.425493667942675,3.235,128.50904725000007,39.90545575,24.35787142857143,1.88,12.956314589665654,0.24694411525501425,21.210857142857193,40.99825886950595,3.235,True,1.7249999999999999,1.825,29.751299999999997,0.11667675337258701,0.5599206635412911,1,1,1,1,21,True,
BKE_Redux_v1_Ultra_Light_01,DataLog_2.csv,BKE_Redux_v1_Ultra_Light_01/DataLog_2.csv,18ad2d57a6a38e19cdce498e6eea41b4ef87fde9ba47fd62e4304cc598fe79fc,3e756e34ca8e201740df9035cef0e98a83f2c2b8,acq_sha256:18ad2d57a6a38e19cdce498e6eea41b4ef87fde9ba47fd62e4304cc598fe79fc,56556,False,pass,,False,,,True,False,True,intake-qc-v1.4 canonical retention authority,True,intake-qc-v1.4,test-imp 1.1.4,2,canonical_retention_authority,accepted,True,True,True,retained,retained,False,,,,,,52.232257142857144,0.9,28.124657142857142,2.715,46.15462037963404,3.235,128.19021699999996,39.85235075,24.1076,1.815,13.282424242424243,0.2542954290888928,21.25314285714289,41.25108284572286,3.235,True,1.615,1.715,29.107257142857144,0.11616824036794521,0.564641316073355,1,1,1,1,21,True,
BKE_Redux_v1_Ultra_Light_02,DataLog_1.csv,BKE_Redux_v1_Ultra_Light_02/DataLog_1.csv,20af4dd1c5d9321df7d1b2ce2e2f76cb45cb53ae60d73240b5a674d4b30d9b00,e94a04d1882d3ac55d030adab15d2677d2fe6ee0,acq_sha256:20af4dd1c5d9321df7d1b2ce2e2f76cb45cb53ae60d73240b5a674d4b30d9b00,53351,False,pass,,False,,,True,False,True,intake-qc-v1.4 canonical retention authority,True,intake-qc-v1.4,test-imp 1.1.4,2,canonical_retention_authority,accepted,True,True,True,retained,retained,False,,,,,,57.8583,0.915,29.707814285714285,2.82,48.65418741007896,3.195,139.99589699999993,45.180960500000005,28.150485714285715,1.9049999999999998,14.777157855268094,0.2554025585830917,24.698571428571512,30.353111737482763,3.195,True,1.9099999999999997,2.01,39.14252857142857,0.1348534891412192,0.6281346153846153,1,1,1,1,21,True,
BKE_Redux_v1_Ultra_Light_02,DataLog_2.csv,BKE_Redux_v1_Ultra_Light_02/DataLog_2.csv,dd4d02232eedd75e6c482d1f4834508e9b5aab9dfc102a440cc8540001e2f6fd,c0624900fb37664a4d0ffa869d1fa1bee85af5f8,acq_sha256:dd4d02232eedd75e6c482d1f4834508e9b5aab9dfc102a440cc8540001e2f6fd,54853,False,pass_with_offset_note,baseline_zero_offset,False,,,True,False,True,intake-qc-v1.4 canonical retention authority,True,intake-qc-v1.4,test-imp 1.1.4,2,canonical_retention_authority,accepted,True,True,True,retained,retained,False,,,,,,57.57395714285714,0.92,29.812542857142855,2.805,48.21870106449419,3.195,139.79813524999994,45.356832,27.761414285714284,1.8850000000000002,14.72754073512694,0.2558021276630991,24.155000000000015,30.07150496325342,3.195,True,1.9,2.0,39.11754285714286,0.13426960895759912,0.6252703568953569,1,1,1,1,21,True,
BKE_Redux_v1_Ultra_Light_02,DataLog_3.csv,BKE_Redux_v1_Ultra_Light_02/DataLog_3.csv,cf7299c2450bb2de7ea13ccc95118811fac7e7fb90b56afbb7a3fbae3b9df8da,322bc47e6d13d5c77c5806b9610e046964dee0af,acq_sha256:cf7299c2450bb2de7ea13ccc95118811fac7e7fb90b56afbb7a3fbae3b9df8da,55002,False,pass,,False,,,True,False,True,intake-qc-v1.4 canonical retention authority,True,intake-qc-v1.4,test-imp 1.1.4,2,canonical_retention_authority,accepted,True,True,True,retained,retained,False,,,,,,57.2718,0.93,29.85695714285714,2.83,47.86796094612507,3.195,139.2270859999999,45.47186824999999,27.414842857142858,1.9,14.428864661654137,0.25193663655855303,23.970571428571503,30.3835818724215,3.195,True,1.9249999999999998,2.025,38.49695714285714,0.13411026212747437,0.6284520533218658,1,1,1,1,21,True,
BKE_Redux_v1_Ultra_Light_03,DataLog_1.csv,BKE_Redux_v1_Ultra_Light_03/DataLog_1.csv,621f2de75e6ea87ae1f7ef764f16340f8ec3b969de185e488ea35ee129cb3ef8,953df2807e54abce3accd3f67ccdc2bf2ae2869f,acq_sha256:621f2de75e6ea87ae1f7ef764f16340f8ec3b969de185e488ea35ee129cb3ef8,54490,False,pass,,False,,,True,False,True,intake-qc-v1.4 canonical retention authority,True,intake-qc-v1.4,test-imp 1.1.4,2,canonical_retention_authority,accepted,True,True,True,retained,retained,False,,,,,,58.438514285714284,0.795,29.444614285714287,2.665,49.61436880178825,3.195,140.83335300000002,41.82048300000001,28.993899999999996,1.87,15.504759358288768,0.2653174802234665,25.2281428571429,23.043747714707067,3.195,True,1.645,1.745,46.5903,0.12289852861404926,0.534227950629982,1,1,1,1,21,True,
BKE_Redux_v1_Ultra_Light_03,DataLog_2.csv,BKE_Redux_v1_Ultra_Light_03/DataLog_2.csv,e0740dbc66396d47e7f0b0be6204c4165380cc7add35a60ad17a787d303c2845,50ce8f9297199ce086fb363a8bc6ffeb21302b09,acq_sha256:e0740dbc66396d47e7f0b0be6204c4165380cc7add35a60ad17a787d303c2845,56270,False,pass,,False,,,True,False,True,intake-qc-v1.4 canonical retention authority,True,intake-qc-v1.4,test-imp 1.1.4,2,canonical_retention_authority,accepted,True,True,True,retained,retained,False,,,,,,58.0222,0.76,29.614685714285713,2.67,48.959733146475465,3.2,140.38044649999998,39.079273999999984,28.407514285714285,1.91,14.873044128646223,0.2563336813951595,25.17242857142861,24.236255740380756,3.2,True,1.6549999999999998,1.755,45.09628571428571,0.11749930715935329,0.544163043478261,1,1,1,1,21,True,
BKE_Redux_v1_Ultra_Light_03,DataLog_3.csv,BKE_Redux_v1_Ultra_Light_03/DataLog_3.csv,c154cf37717ec89521aa35b6b9bc4c13814f8c003ef7200c6003381efb0bc251,b206f928e56a617af5569de85e6f07dfb16c9e6f,acq_sha256:c154cf37717ec89521aa35b6b9bc4c13814f8c003ef7200c6003381efb0bc251,56266,False,pass_with_offset_note,baseline_zero_offset,False,,,True,False,True,intake-qc-v1.4 canonical retention authority,True,intake-qc-v1.4,test-imp 1.1.4,2,canonical_retention_authority,accepted,True,True,True,retained,retained,False,,,,,,57.780742857142855,0.78,29.535742857142857,2.665,48.883068308472524,3.195,139.60877575000006,40.001196250000035,28.244999999999997,1.885,14.984084880636603,0.25932662232611414,25.124571428571443,24.05431558573361,3.195,True,1.635,1.735,44.63411428571429,0.11703346331088275,0.5542648956356738,1,1,1,1,21,True,
Deskeys_Carrot_35g,DataLog_1.csv,Deskeys_Carrot_35g/DataLog_1.csv,a6b31ccaa38663fed8a9ad0813ebc6f3adceb1e2be22c2710633ac1cb9304ed8,0e169bcc4d7b470d1c70fae11c0c8df6e8be2ae7,acq_sha256:a6b31ccaa38663fed8a9ad0813ebc6f3adceb1e2be22c2710633ac1cb9304ed8,55787,False,pass_with_offset_note,baseline_zero_offset,False,,,True,False,True,intake-qc-v1.4 canonical retention authority,True,intake-qc-v1.4,test-imp 1.1.4,2,canonical_retention_authority,accepted,True,True,True,retained,retained,False,,,,,,36.16752857142857,0.92,23.825485714285715,2.37,34.12465088060442,3.575,103.71046800000009,25.421164500000007,12.342042857142854,1.4500000000000002,8.511753694581277,0.23534241986623736,12.872571428571469,37.45832750845871,3.575,True,1.66,1.76,13.938371428571429,0.13148382533825342,0.6062334176757636,1,1,1,1,21,True,
Deskeys_Carrot_35g,DataLog_2.csv,Deskeys_Carrot_35g/DataLog_2.csv,4c6146dbf211c53b291e4075e83450bd1d737c4a8fde718418aac5aab8992e63,b66abda841df324c713e652788e8e086518cd713,acq_sha256:4c6146dbf211c53b291e4075e83450bd1d737c4a8fde718418aac5aab8992e63,55484,False,pass,,False,,,True,False,True,intake-qc-v1.4 canonical retention authority,True,intake-qc-v1.4,test-imp 1.1.4,2,canonical_retention_authority,accepted,True,True,True,retained,retained,False,,,,,,36.84665714285715,0.91,24.32785714285714,2.355,33.97540230437653,3.565,105.47125874999998,25.710005750000004,12.518800000000006,1.4449999999999998,8.663529411764712,0.23512389137976838,12.873714285714257,37.95632000304595,3.565,True,1.65,1.75,14.497685714285714,0.12890964019802753,0.599955756929638,1,1,1,1,21,True,
Deskeys_Carrot_35g,DataLog_3.csv,Deskeys_Carrot_35g/DataLog_3.csv,c2304883181c75db5296de0f60e40932fe03ffc8057260c51f01b41a90269012,30773e6ca6a6f7892e2955672e8007d2108b8a54,acq_sha256:c2304883181c75db5296de0f60e40932fe03ffc8057260c51f01b41a90269012,58718,False,pass_with_offset_note,baseline_zero_offset,False,,,True,False,True,intake-qc-v1.4 canonical retention authority,True,intake-qc-v1.4,test-imp 1.1.4,2,canonical_retention_authority,accepted,True,True,True,retained,retained,False,,,,,,36.88452857142857,0.905,24.415742857142856,2.385,33.804920917287426,3.56,105.46366725000006,25.549723,12.468785714285712,1.4799999999999998,8.424855212355212,0.22841162781950966,13.069285714285677,37.9052556416386,3.56,True,1.635,1.735,14.521671428571429,0.12841504286827748,0.6003887945670626,1,1,1,1,21,True,
Deskeys_Carrot_49g,DataLog_1.csv,Deskeys_Carrot_49g/DataLog_1.csv,f94efa4aba37050f89cf7a843af612f6f61722481a295aa615c02a5ec71cf96c,dcd19dfaace44e03b3cf2429f78091fb86c92400,acq_sha256:f94efa4aba37050f89cf7a843af612f6f61722481a295aa615c02a5ec71cf96c,55350,False,pass,,False,,,True,False,True,intake-qc-v1.4 canonical retention authority,True,intake-qc-v1.4,test-imp 1.1.4,2,canonical_retention_authority,accepted,True,True,True,retained,retained,False,,,,,,54.71644285714286,0.91,31.533271428571428,2.45,42.369661143907905,3.555,145.66817999999995,37.259510250000005,23.18317142857143,1.54,15.05400742115028,0.27512766976563574,22.71414285714286,61.89304658566632,3.555,True,1.67,1.77,18.56667142857143,0.1266846000204855,0.5939393037104898,1,1,1,1,21,True,
Deskeys_Carrot_49g,DataLog_2.csv,Deskeys_Carrot_49g/DataLog_2.csv,ccdb2ffabc07d2672a8416818c94dac71b50514fdd95d1af26307b004ec694d6,0d7bf2d99ad032b2e4a710783a5467aedd5f85e0,acq_sha256:ccdb2ffabc07d2672a8416818c94dac71b50514fdd95d1af26307b004ec694d6,56905,False,pass,,False,,,True,False,True,intake-qc-v1.4 canonical retention authority,True,intake-qc-v1.4,test-imp 1.1.4,2,canonical_retention_authority,accepted,True,True,True,retained,retained,False,,,,,,55.334999999999994,0.91,31.7938,2.45,42.54305593205024,3.55,146.76509224999995,37.78708950000001,23.541199999999993,1.54,15.286493506493501,0.2762536099483781,23.525714285714372,62.34683510116357,3.55,True,1.72,1.82,18.865685714285714,0.12536151038388924,0.5933155192959939,1,1,1,1,21,True,
Deskeys_Carrot_49g,DataLog_3.csv,Deskeys_Carrot_49g/DataLog_3.csv,b19e9b2c1b3c03fa25f77f4621d617900c40bf6fd3c8713241f483ede6736d75,81d7c5ccada1c0d930255ce85f4bae82fdb65832,acq_sha256:b19e9b2c1b3c03fa25f77f4621d617900c40bf6fd3c8713241f483ede6736d75,56899,False,pass,,False,,,True,False,True,intake-qc-v1.4 canonical retention authority,True,intake-qc-v1.4,test-imp 1.1.4,2,canonical_retention_authority,accepted,True,True,True,retained,retained,False,,,,,,55.18725714285714,0.885,31.687328571428573,2.46,42.58216441269568,3.55,146.3278825,36.15533249999998,23.49992857142857,1.575,14.920589569160997,0.2703629486520361,22.98728571428569,63.19186500268494,3.55,True,1.65,1.75,18.286357142857145,0.12515297797440658,0.5923131100380148,1,1,1,1,21,True,
Deskeys_Carrot_60g,DataLog_1.csv,Deskeys_Carrot_60g/DataLog_1.csv,e0431173d4f373e2cfd2d6ecf84afb97f1665891c9963e819859769a27cb11f0,bec211a5351bd3cb9950ae1ef30d08548b72098a,acq_sha256:e0431173d4f373e2cfd2d6ecf84afb97f1665891c9963e819859769a27cb11f0,55908,False,pass,,False,,,True,False,True,intake-qc-v1.4 canonical retention authority,True,intake-qc-v1.4,test-imp 1.1.4,2,canonical_retention_authority,accepted,True,True,True,retained,retained,False,,,,,,64.23197142857143,0.92,36.24727142857143,2.56,43.568178552825714,3.625,171.44362575000008,43.64475550000001,27.984699999999997,1.6400000000000001,17.06384146341463,0.26565962532210796,32.83471428571424,75.2741665808315,3.625,True,1.385,1.485,19.180414285714285,0.12338858108108107,0.602188245712155,1,1,1,1,21,True,
Deskeys_Carrot_60g,DataLog_2.csv,Deskeys_Carrot_60g/DataLog_2.csv,36a8f6d2d3f1fc3a2adcf07089fddb8fe32b72548e89145d8d8a513695ddff9d,147c15c90d10ee70f45d26a7577d568f79d40726,acq_sha256:36a8f6d2d3f1fc3a2adcf07089fddb8fe32b72548e89145d8d8a513695ddff9d,57416,False,pass_with_offset_note,baseline_zero_offset,False,,,True,False,True,intake-qc-v1.4 canonical retention authority,True,intake-qc-v1.4,test-imp 1.1.4,2,canonical_retention_authority,accepted,True,True,True,retained,retained,False,,,,,,63.569385714285715,0.895,35.44801428571429,2.555,44.23728672629255,3.625,169.05947799999987,41.713927250000005,28.12137142857143,1.6600000000000001,16.940585197934595,0.26648967907405147,32.71271428571431,74.92450701298067,3.625,True,1.39,1.49,18.87024285714286,0.1226008382108534,0.5998721037998147,1,1,1,1,21,True,
Deskeys_Carrot_60g,DataLog_4.csv,Deskeys_Carrot_60g/DataLog_4.csv,93151823949d61ad2e41f78613de30cd971ba37e5265e1ab89ebac118ecb78b1,52c291923d4edf9c4048ff8f42e616dadc820d64,acq_sha256:93151823949d61ad2e41f78613de30cd971ba37e5265e1ab89ebac118ecb78b1,55868,False,pass,,False,,,True,False,True,intake-qc-v1.4 canonical retention authority,True,intake-qc-v1.4,test-imp 1.1.4,2,canonical_retention_authority,accepted,True,True,True,retained,retained,False,,,,,,63.43914285714286,0.955,34.993657142857145,2.565,44.83901331760022,3.63,167.70411375000026,45.16079675000004,28.445485714285716,1.6099999999999999,17.66800354924579,0.2785031883080759,32.47600000000013,72.65930469319757,3.63,True,1.3699999999999999,1.47,18.82257142857143,0.12445556403237146,0.61569694452137,1,1,1,1,21,True,
Deskeys_T1_Blue_56g,DataLog_1.csv,Deskeys_T1_Blue_56g/DataLog_1.csv,6a1701bbd8cbad3ecf141fdb18c7e64ad07e839374c32aea22876522c5e8745b,8f093a6608ce718a34c27a020e070efcd800d124,acq_sha256:6a1701bbd8cbad3ecf141fdb18c7e64ad07e839374c32aea22876522c5e8745b,60971,False,pass_with_offset_note,baseline_zero_offset,False,,,True,False,True,intake-qc-v1.4 canonical retention authority,True,intake-qc-v1.4,test-imp 1.1.4,2,canonical_retention_authority,accepted,True,True,True,retained,retained,False,,,,,,54.50884285714285,1.18,21.600728571428572,3.475,60.372065449930915,3.795,146.49073725000005,50.89674024999996,32.90811428571428,2.295,14.339047619047616,0.26305910871429594,24.48042857142859,42.72330357535678,3.795,True,2.355,2.455,21.429414285714284,0.14753790801586303,0.7669549624687234,1,1,1,1,21,True,
Deskeys_T1_Blue_56g,DataLog_2.csv,Deskeys_T1_Blue_56g/DataLog_2.csv,bff675b2a4de6ddb607ba4df4508150cafe23c2e183d326004404f6446001a63,61443a457f8eb6191d2bc5f2f8e3d21d3acfa376,acq_sha256:bff675b2a4de6ddb607ba4df4508150cafe23c2e183d326004404f6446001a63,62683,False,pass,,False,,,True,False,True,intake-qc-v1.4 canonical retention authority,True,intake-qc-v1.4,test-imp 1.1.4,2,canonical_retention_authority,accepted,True,True,True,retained,retained,False,,,,,,54.371314285714284,1.195,21.946185714285715,3.49,59.63646271458269,3.785,146.25670974999997,51.407340750000024,32.42512857142857,2.295,14.128596327419858,0.25985386803739735,24.077000000000126,43.00576794437395,3.785,True,2.2849999999999997,2.385,20.549514285714285,0.13531833999703838,0.7644767364939361,1,1,1,1,21,True,
Deskeys_T1_Cheese_28g,DataLog_1.csv,Deskeys_T1_Cheese_28g/DataLog_1.csv,114d4f0846e4c115332ab17dc94f935a5ef51aa24ede9238647a58d31c7b1dc9,6b3bbac136cfb06c13e937b66b3a384a99afba77,acq_sha256:114d4f0846e4c115332ab17dc94f935a5ef51aa24ede9238647a58d31c7b1dc9,61320,False,pass,,False,,,True,False,True,intake-qc-v1.4 canonical retention authority,True,intake-qc-v1.4,test-imp 1.1.4,2,canonical_retention_authority,accepted,True,True,True,retained,retained,False,,,,,,28.52698571428571,0.99,14.641171428571429,2.87,48.676065620072016,3.905,81.66156050000004,23.267735999999996,13.885814285714282,1.8800000000000001,7.386071428571427,0.2589152426599575,12.03628571428574,17.800390277715003,3.905,True,1.9699999999999998,2.07,16.548971428571427,0.13624241443108223,0.6745683319570602,1,1,1,1,21,True,
Deskeys_T1_Cheese_28g,DataLog_2.csv,Deskeys_T1_Cheese_28g/DataLog_2.csv,8995fc1b366475cddac92f68382b2da521a4e27317791a2d8ab39fafa60dacad,f2c1ecf69167ee60e8725534c4e58557c2c51907,acq_sha256:8995fc1b366475cddac92f68382b2da521a4e27317791a2d8ab39fafa60dacad,62291,False,pass,,False,,,True,False,True,intake-qc-v1.4 canonical retention authority,True,intake-qc-v1.4,test-imp 1.1.4,2,canonical_retention_authority,accepted,True,True,True,retained,retained,False,,,,,,28.362414285714287,1.01,14.740757142857143,2.89,48.027142561407985,3.905,81.67398974999999,23.76582525,13.621657142857144,1.8800000000000001,7.245562310030395,0.2554635242628084,11.489857142857183,17.454518776083365,3.905,True,1.8499999999999999,1.95,16.51302857142857,0.1379984387590652,0.6810961140967343,1,1,1,1,21,True,
Deskeys_T1_Coffee_63g,DataLog_1.csv,Deskeys_T1_Coffee_63g/DataLog_1.csv,0dfb5f192ab556a95cac5f15720002b98186f28549009f10758cdadc388897f3,46b7f1c64c23b8afb7779badcddcd4aef43997d8,acq_sha256:0dfb5f192ab556a95cac5f15720002b98186f28549009f10758cdadc388897f3,61065,False,pass,,False,,,True,False,True,intake-qc-v1.4 canonical retention authority,True,intake-qc-v1.4,test-imp 1.1.4,2,canonical_retention_authority,accepted,True,True,True,retained,retained,False,,,,,,56.65965714285714,1.225,23.8519,3.5,57.903204497228565,3.79,154.1846545000002,54.44876150000001,32.80775714285714,2.275,14.420992150706436,0.2545195802075981,24.547714285714264,40.422409645590385,3.79,True,2.3,2.4,23.275157142857143,0.1431766105490463,0.8038893249607536,1,1,1,1,21,True,
Deskeys_T1_Coffee_63g,DataLog_2.csv,Deskeys_T1_Coffee_63g/DataLog_2.csv,e5c8d905926eeaa3fb053ebd3585765943b3e8e2db781ec20fb0b0146ff1d4a2,1debd43da8cc1e39ae6179075d096bfc02b631d4,acq_sha256:e5c8d905926eeaa3fb053ebd3585765943b3e8e2db781ec20fb0b0146ff1d4a2,62713,False,pass,,False,,,True,False,True,intake-qc-v1.4 canonical retention authority,True,intake-qc-v1.4,test-imp 1.1.4,2,canonical_retention_authority,accepted,True,True,True,retained,retained,False,,,,,,58.79105714285714,1.215,24.60561428571429,3.48,58.147351856720675,3.79,159.8698509999999,56.00224025000001,34.18544285714285,2.2649999999999997,15.092910753705455,0.25672120025042244,26.39885714285711,41.54622268496732,3.79,True,2.415,2.515,24.434814285714285,0.14354731422209854,0.8050994965739058,1,1,1,1,21,True,
Deskeys_T1_Darkside_100g,DataLog_1.csv,Deskeys_T1_Darkside_100g/DataLog_1.csv,4d2c089aea99b8f7caa2c87cf99d89864edba0912d219bfbe6a2da955ce05a24,c24698b5a5d64c41a8d4ea90ec90e2e082189f00,acq_sha256:4d2c089aea99b8f7caa2c87cf99d89864edba0912d219bfbe6a2da955ce05a24,61267,False,review,force_spikes;baseline_zero_offset,False,,,True,False,True,intake-qc-v1.4 canonical retention authority,True,intake-qc-v1.4,test-imp 1.1.4,2,canonical_retention_authority,accepted,True,True,True,retained,retained,False,,,,,,99.46844285714285,1.26,35.020585714285716,3.54,64.79226505578008,3.805,264.17384174999995,99.90027749999999,64.44785714285713,2.2800000000000002,28.266604010025056,0.2841766011218424,67.74671428571445,78.15825678829171,3.805,True,2.38,2.48,37.78782857142857,0.12603939102735212,0.7573801278381985,1,1,1,1,21,True,
Deskeys_T1_Darkside_100g,DataLog_2.csv,Deskeys_T1_Darkside_100g/DataLog_2.csv,af477077e9901137655faaa1cb4024ece7a85374d2b829ab9299d435b5506468,e004fa8cea028c190bbcf3a86aa3881b2aae6ee4,acq_sha256:af477077e9901137655faaa1cb4024ece7a85374d2b829ab9299d435b5506468,59557,False,pass,,False,,,True,False,True,intake-qc-v1.4 canonical retention authority,True,intake-qc-v1.4,test-imp 1.1.4,2,canonical_retention_authority,accepted,True,True,True,retained,retained,False,,,,,,99.2772142857143,1.26,35.23681428571429,3.555,64.50664481347684,3.805,263.5532737499999,99.10843000000001,64.0404,2.295,27.904313725490198,0.28107470506961585,70.3779999999999,79.28119684184455,3.805,True,2.35,2.45,36.444585714285715,0.12649970288430773,0.7605227103499627,1,1,1,1,21,True,
Deskeys_T1_Green_85g,DataLog_1.csv,Deskeys_T1_Green_85g/DataLog_1.csv,1305f06040a1dd1853eacf81b1d904a8065d432e458fab1e326d66f26e1fc6ef,46729b99e7d2995bbbd9a358018499860a4ddb3d,acq_sha256:1305f06040a1dd1853eacf81b1d904a8065d432e458fab1e326d66f26e1fc6ef,59878,False,pass,,False,,,True,False,True,intake-qc-v1.4 canonical retention authority,True,intake-qc-v1.4,test-imp 1.1.4,2,canonical_retention_authority,accepted,True,True,True,retained,retained,False,,,,,,76.31025714285714,1.135,28.505799999999997,3.525,62.644864442488355,3.785,201.69983574999986,69.00412150000005,47.804457142857146,2.3899999999999997,20.001864913329353,0.26211240352505594,32.50071428571438,67.37345459583163,3.785,True,2.185,2.285,27.44551428571429,0.11701991907284393,0.6972453879941434,1,1,1,1,21,True,
Deskeys_T1_Green_85g,DataLog_2.csv,Deskeys_T1_Green_85g/DataLog_2.csv,2172c671eef800a8c57122b37bfbc11f95c7f023bdc2dc225444e4bff2012baa,2bcebbc1a2f4130d8fad0722037bac23f406b28a,acq_sha256:2172c671eef800a8c57122b37bfbc11f95c7f023bdc2dc225444e4bff2012baa,61616,False,pass,,False,,,True,False,True,intake-qc-v1.4 canonical retention authority,True,intake-qc-v1.4,test-imp 1.1.4,2,canonical_retention_authority,accepted,True,True,True,retained,retained,False,,,,,,76.08884285714285,1.12,28.779785714285715,3.535,62.17607650004627,3.78,201.50392275000036,67.49673300000002,47.309057142857135,2.415,19.58967169476486,0.2574578737061958,32.96185714285713,66.39687643701161,3.78,True,2.165,2.265,27.596314285714282,0.11562229572680134,0.6998971131415239,1,1,1,1,21,True,
Deskeys_T1_Grey_70g,DataLog_1.csv,Deskeys_T1_Grey_70g/DataLog_1.csv,b58faf4ff2ad6e900b39dc59a9d8bace6c3d6659ebc9e4a335e13c99b2f7ff9a,7126c5794a1be6ed2d4a5671586a1c9aef4bbf0f,acq_sha256:b58faf4ff2ad6e900b39dc59a9d8bace6c3d6659ebc9e4a335e13c99b2f7ff9a,60473,False,pass,,False,,,True,False,True,intake-qc-v1.4 canonical retention authority,True,intake-qc-v1.4,test-imp 1.1.4,2,canonical_retention_authority,accepted,True,True,True,retained,retained,False,,,,,,64.93795714285714,1.145,25.841257142857142,3.455,60.206236414230105,3.815,175.76463200000015,60.62356450000002,39.0967,2.31,16.924978354978354,0.26063305807026016,28.86099999999999,40.32043761164977,3.815,True,2.215,2.315,33.50217142857143,0.13622999135695765,0.7599491288735204,1,1,1,1,21,True,
Deskeys_T1_Grey_70g,DataLog_2.csv,Deskeys_T1_Grey_70g/DataLog_2.csv,1055e872a5e5e984e0003b62d6671d4f221e84b45f2c03c32905b07120a8ad26,c0cff49384b89a40247e924b46250517868b8a05,acq_sha256:1055e872a5e5e984e0003b62d6671d4f221e84b45f2c03c32905b07120a8ad26,62253,False,pass,,False,,,True,False,True,intake-qc-v1.4 canonical retention authority,True,intake-qc-v1.4,test-imp 1.1.4,2,canonical_retention_authority,accepted,True,True,True,retained,retained,False,,,,,,63.43868571428572,1.155,26.33397142857143,3.41,58.48909678366603,3.815,172.72790124999997,58.90965874999999,37.10471428571429,2.255,16.45441875197973,0.2593751520339957,27.032714285714334,41.136845258921696,3.815,True,2.155,2.255,30.687528571428572,0.13753050292800556,0.7744516267860219,1,1,1,1,21,True,
Deskeys_T1_Pink_42g,DataLog_1.csv,Deskeys_T1_Pink_42g/DataLog_1.csv,63ddd76ce7a395aade1050cc45f15a14128753e9a3f28848c4abd75ddda11a5b,a89d6737645bbd37bd0fd89f468ec13341ec3cce,acq_sha256:63ddd76ce7a395aade1050cc45f15a14128753e9a3f28848c4abd75ddda11a5b,60830,False,pass,,False,,,True,False,True,intake-qc-v1.4 canonical retention authority,True,intake-qc-v1.4,test-imp 1.1.4,2,canonical_retention_authority,accepted,True,True,True,retained,retained,False,,,,,,45.42314285714286,1.17,19.246257142857143,3.335,57.62896195142816,3.775,123.06644375,43.95537874999999,26.176885714285714,2.165,12.09094028373474,0.2661845817617929,21.618571428571478,28.07506014603017,3.775,True,2.255,2.355,23.692371428571427,0.13210621462400363,0.7513254452305439,1,1,1,1,21,True,
Deskeys_T1_Pink_42g,DataLog_2.csv,Deskeys_T1_Pink_42g/DataLog_2.csv,156f0c9ccb0dd7d62537de6cb5d7e9f1c7595f4895f9de6b90974e2a47eace61,42b20160483be7f5a8d2a54aca8fe7a5a8a4685f,acq_sha256:156f0c9ccb0dd7d62537de6cb5d7e9f1c7595f4895f9de6b90974e2a47eace61,60759,False,pass_with_offset_note,baseline_zero_offset,False,,,True,False,True,intake-qc-v1.4 canonical retention authority,True,intake-qc-v1.4,test-imp 1.1.4,2,canonical_retention_authority,accepted,True,True,True,retained,retained,False,,,,,,45.0373,1.145,19.420514285714287,3.32,56.87904406855143,3.77,122.19868774999992,42.22727025,25.616785714285715,2.175,11.777832512315273,0.2615128462921905,21.064857142857214,27.874726927483955,3.77,True,2.2199999999999998,2.32,23.32381428571429,0.13562289643524944,0.7587963042544056,1,1,1,1,21,True,
Deskeys_T1_Purple_49g,DataLog_1.csv,Deskeys_T1_Purple_49g/DataLog_1.csv,50b4fa5241945fb714bbcf12b868ad58e2ef25f688a11ccee5a151cef69dc61a,bd3ca36957d7a7146e675fe2ef3d1450d07af892,acq_sha256:50b4fa5241945fb714bbcf12b868ad58e2ef25f688a11ccee5a151cef69dc61a,61127,False,pass_with_offset_note,baseline_zero_offset,False,,,True,False,True,intake-qc-v1.4 canonical retention authority,True,intake-qc-v1.4,test-imp 1.1.4,2,canonical_retention_authority,accepted,True,True,True,retained,retained,False,,,,,,47.52054285714286,1.15,19.555128571428572,3.45,58.84910525913906,3.815,128.61451425000007,43.17576950000001,27.965414285714285,2.3000000000000003,12.158875776397513,0.255865675039735,20.037142857142882,34.35258309936084,3.815,True,2.25,2.35,20.287271428571426,0.1283540304542326,0.7625601127113338,1,1,1,1,21,True,
Deskeys_T1_Purple_49g,DataLog_2.csv,Deskeys_T1_Purple_49g/DataLog_2.csv,7ed5287c2891d704ad3803d4766866766b04b46451058334e5e47677599b464c,4bb96782e78ccbdd9b0d81f59b2058ec3e3b6c65,acq_sha256:7ed5287c2891d704ad3803d4766866766b04b46451058334e5e47677599b464c,62794,False,pass_with_offset_note,baseline_zero_offset,False,,,True,False,True,intake-qc-v1.4 canonical retention authority,True,intake-qc-v1.4,test-imp 1.1.4,2,canonical_retention_authority,accepted,True,True,True,retained,retained,False,,,,,,47.38842857142857,1.18,19.760957142857144,3.45,58.300037079576384,3.8,128.16515950000004,44.244169,27.627471428571425,2.2700000000000005,12.170692259282564,0.2568283571787505,19.521000000000015,33.8001048969828,3.8,True,2.195,2.295,20.3233,0.13335267218586108,0.7739454432182271,1,1,1,1,21,True,
Deskeys_T1_Tiffany_35g,DataLog_1.csv,Deskeys_T1_Tiffany_35g/DataLog_1.csv,47b1042cdf34aee18cf6ae90da91334af5e4c75575249bd643458bb079e47299,a1b6f77b1903abdb4d3f567d1692261337691d03,acq_sha256:47b1042cdf34aee18cf6ae90da91334af5e4c75575249bd643458bb079e47299,60746,False,pass,,False,,,True,False,True,intake-qc-v1.4 canonical retention authority,True,intake-qc-v1.4,test-imp 1.1.4,2,canonical_retention_authority,accepted,True,True,True,retained,retained,False,,,,,,38.969585714285714,1.13,18.1903,3.355,53.32180297382097,3.8,108.62752775000004,36.09236624999998,20.779285714285713,2.225,9.339004815409309,0.23964855269133023,16.029000000000018,24.485654080557545,3.8,True,2.15,2.25,19.460028571428573,0.11257867550379694,0.7499986791899033,1,1,1,1,21,True,
Deskeys_T1_Tiffany_35g,DataLog_2.csv,Deskeys_T1_Tiffany_35g/DataLog_2.csv,f5ce6e37e6c98747afc15eddba2091589627df948186f609489239bd0f140255,f0b847d0b9757dbba012988d3aed258ea09087d7,acq_sha256:f5ce6e37e6c98747afc15eddba2091589627df948186f609489239bd0f140255,62521,False,pass,,False,,,True,False,True,intake-qc-v1.4 canonical retention authority,True,intake-qc-v1.4,test-imp 1.1.4,2,canonical_retention_authority,accepted,True,True,True,retained,retained,False,,,,,,38.72975714285714,1.12,18.257914285714286,3.31,52.85817512779948,3.795,108.04866074999994,35.465844,20.471842857142853,2.19,9.347873450750162,0.24136153026392457,15.857857142857164,24.180040019917396,3.795,True,2.165,2.265,19.80392857142857,0.12203405080280356,0.7481977314530964,1,1,1,1,21,True,
Deskeys_V1_Blue_56g,DataLog_1.csv,Deskeys_V1_Blue_56g/DataLog_1.csv,129cca972784f27aef2b201c259f1de563c8082138e5d85a01449541552493e5,05b165b9d14b0ad976b3c853183b9dccef8214a2,acq_sha256:129cca972784f27aef2b201c259f1de563c8082138e5d85a01449541552493e5,55607,False,pass,,False,,,True,False,True,intake-qc-v1.4 canonical retention authority,True,intake-qc-v1.4,test-imp 1.1.4,2,canonical_retention_authority,accepted,True,True,True,retained,retained,False,,,,,,55.67407142857143,1.135,30.164628571428572,2.845,45.81925158800519,3.38,136.75326299999992,45.933205500000014,25.509442857142858,1.7100000000000002,14.917802840434419,0.26794883969593675,23.774571428571463,52.626811160628534,3.38,True,2.015,2.115,14.858042857142857,0.14138553046856034,0.761845370938075,1,1,1,1,21,True,
Deskeys_V1_Blue_56g,DataLog_2.csv,Deskeys_V1_Blue_56g/DataLog_2.csv,f5e1504ac678436763f9e02d34c86a300b008e8957a6c715c56bb5871e2cebb9,c1a13d9e5a2f3beb9366115cd321ef24930963bd,acq_sha256:f5e1504ac678436763f9e02d34c86a300b008e8957a6c715c56bb5871e2cebb9,57080,False,pass_with_offset_note,baseline_zero_offset,False,,,True,False,True,intake-qc-v1.4 canonical retention authority,True,intake-qc-v1.4,test-imp 1.1.4,2,canonical_retention_authority,accepted,True,True,True,retained,retained,False,,,,,,55.62188571428572,1.14,29.986642857142858,2.84,46.08841021468425,3.37,136.14984524999983,46.21481999999998,25.63524285714286,1.7,15.079554621848741,0.27110829538049563,23.98928571428577,53.05533269679836,3.37,True,2.0749999999999997,2.175,14.678957142857143,0.1412104595643092,0.7585723945902945,1,1,1,1,21,True,
Deskeys_V1_Pink_42g,DataLog_1.csv,Deskeys_V1_Pink_42g/DataLog_1.csv,84b67766201177bd230d436ec4902f9a153e0fc8d55ea0b3111e32498a03b1b2,f9f5f96115f7c25c771574bdda3a78123816f944,acq_sha256:84b67766201177bd230d436ec4902f9a153e0fc8d55ea0b3111e32498a03b1b2,56305,False,pass,,False,,,True,False,True,intake-qc-v1.4 canonical retention authority,True,intake-qc-v1.4,test-imp 1.1.4,2,canonical_retention_authority,accepted,True,True,True,retained,retained,False,,,,,,44.9049,1.165,28.66224285714286,2.915,36.17123552854396,3.44,118.34871775000005,38.032473249999995,16.242657142857137,1.75,9.281518367346935,0.20669277444882264,14.922571428571416,42.44657253991609,3.44,True,2.175,2.275,11.31257142857143,0.1465849766526454,0.7797070698881143,1,1,1,1,21,True,
Deskeys_V1_Pink_42g,DataLog_2.csv,Deskeys_V1_Pink_42g/DataLog_2.csv,5231f023ed0e16e83b2a48707893b19e6aee59dec4a0c340073bf07d571863bf,9265636eba4aad0a47f7d589bbb892a5095beb82,acq_sha256:5231f023ed0e16e83b2a48707893b19e6aee59dec4a0c340073bf07d571863bf,57852,False,pass,,False,,,True,False,True,intake-qc-v1.4 canonical retention authority,True,intake-qc-v1.4,test-imp 1.1.4,2,canonical_retention_authority,accepted,True,True,True,retained,retained,False,,,,,,45.29697142857143,1.165,28.837271428571427,2.92,36.3373079499481,3.435,119.31113075000005,38.61593875,16.459700000000005,1.755,9.378746438746441,0.207050187748992,14.528571428571482,42.714367370138085,3.435,True,2.1999999999999997,2.3,11.674999999999999,0.14322912663597143,0.7729370867183074,1,1,1,1,21,True,
Deskeys_V1_Pink_42g,DataLog_3.csv,Deskeys_V1_Pink_42g/DataLog_3.csv,e81266fc88b4cc48f6fe1c4e782533c521b08f7187ee131093cae2336e63dfba,01a4c5e911704bbc318103b2d575c1094adf1f9c,acq_sha256:e81266fc88b4cc48f6fe1c4e782533c521b08f7187ee131093cae2336e63dfba,56049,False,pass,,False,,,True,False,True,intake-qc-v1.4 canonical retention authority,True,intake-qc-v1.4,test-imp 1.1.4,2,canonical_retention_authority,accepted,True,True,True,retained,retained,False,,,,,,44.989242857142855,1.185,28.700414285714285,2.925,36.20605179587375,3.44,118.54337600000001,39.027008499999994,16.28882857142857,1.7399999999999998,9.361395730706077,0.20808075744755028,14.804714285714269,42.825733352094495,3.44,True,2.15,2.25,11.147457142857144,0.14375364895209583,0.7759302972500398,1,1,1,1,21,True,
Deskeys_V1_Purple_49g,DataLog_1.csv,Deskeys_V1_Purple_49g/DataLog_1.csv,a4f30f4749b4373a88d8df2ac0406371cae5a7b73c9bf9a5e45f6374114c9b60,27aad1092ac6571035b686bb98b9bb800592b5f2,acq_sha256:a4f30f4749b4373a88d8df2ac0406371cae5a7b73c9bf9a5e45f6374114c9b60,55942,False,pass,,False,,,True,False,True,intake-qc-v1.4 canonical retention authority,True,intake-qc-v1.4,test-imp 1.1.4,2,canonical_retention_authority,accepted,True,True,True,retained,retained,False,,,,,,52.909642857142856,1.12,27.95217142857143,2.925,47.169986567395895,3.39,131.85560049999984,45.2752305,24.957471428571427,1.8049999999999997,13.826853977047884,0.2613295654703374,22.314571428571526,45.18433578990106,3.39,True,2.0949999999999998,2.195,19.0275,0.1392587333629863,0.7391505722460657,1,1,1,1,21,True,
Deskeys_V1_Purple_49g,DataLog_2.csv,Deskeys_V1_Purple_49g/DataLog_2.csv,e1bc867495c0583403e17299ea6fcac0a1212130b466e1be8c9b1812480a7290,1b6394234a0583d9325a3b0708526e5a31b970a4,acq_sha256:e1bc867495c0583403e17299ea6fcac0a1212130b466e1be8c9b1812480a7290,57451,False,pass,,False,,,True,False,True,intake-qc-v1.4 canonical retention authority,True,intake-qc-v1.4,test-imp 1.1.4,2,canonical_retention_authority,accepted,True,True,True,retained,retained,False,,,,,,52.790685714285715,1.095,27.99922857142857,2.94,46.9618017031143,3.39,131.40492500000002,43.74820750000003,24.791457142857144,1.845,13.437104142469996,0.25453551058598534,22.338428571428608,45.481485345263415,3.39,True,2.005,2.105,18.6892,0.1390538369224615,0.7388844793108751,1,1,1,1,21,True,
Deskeys_V1_Tiffany_35g,DataLog_1.csv,Deskeys_V1_Tiffany_35g/DataLog_1.csv,b73eebe9bf9622ab4afffd67c762b21b8923619b331eede2983fc0390057451f,76ba562f94d3548f3c2c32c77ab7a436d7f367e1,acq_sha256:b73eebe9bf9622ab4afffd67c762b21b8923619b331eede2983fc0390057451f,55828,False,pass,,False,,,True,False,True,intake-qc-v1.4 canonical retention authority,True,intake-qc-v1.4,test-imp 1.1.4,2,canonical_retention_authority,accepted,True,True,True,retained,retained,False,,,,,,37.78458571428571,1.165,24.84132857142857,2.785,34.25538985852508,3.365,96.98999074999998,30.772854250000016,12.943257142857142,1.62,7.989664902998236,0.211453023818056,12.635142857142903,39.26203857882359,3.365,True,1.9899999999999998,2.09,6.465800000000001,0.14593406701578926,0.7840830138955438,1,1,1,1,21,True,
Deskeys_V1_Tiffany_35g,DataLog_2.csv,Deskeys_V1_Tiffany_35g/DataLog_2.csv,156e188cbea6474fc7e4907668208398c2da3463119dec99b950d03316995656,0257248eb829c3a4f9fe7e1247f0d82609df5dc0,acq_sha256:156e188cbea6474fc7e4907668208398c2da3463119dec99b950d03316995656,57273,False,pass,,False,,,True,False,True,intake-qc-v1.4 canonical retention authority,True,intake-qc-v1.4,test-imp 1.1.4,2,canonical_retention_authority,accepted,True,True,True,retained,retained,False,,,,,,37.907757142857136,1.165,24.904014285714286,2.78,34.30364610635665,3.36,97.28551275000004,31.169737499999982,13.00374285714285,1.6149999999999998,8.051853162317554,0.21240647743874097,12.69171428571429,39.05471955198915,3.36,True,2.105,2.205,6.969971428571428,0.14359723748531583,0.7773293153326903,1,1,1,1,21,True,
Deskeys_V2_Blue_56g,DataLog_1.csv,Deskeys_V2_Blue_56g/DataLog_1.csv,43b7f5a21f88af7aa51edaf0afb390e4d9d4f27a16517fa40c500a4f3f8bd938,c3fc56a57638e8942badc9903f40c9ce2baf5e4f,acq_sha256:43b7f5a21f88af7aa51edaf0afb390e4d9d4f27a16517fa40c500a4f3f8bd938,56458,False,pass,,False,,,True,False,True,intake-qc-v1.4 canonical retention authority,True,intake-qc-v1.4,test-imp 1.1.4,2,canonical_retention_authority,accepted,True,True,True,retained,retained,False,,,,,,51.05395714285714,1.15,34.85392857142857,2.805,31.73119083815247,3.5,139.05440399999998,42.17904675,16.200028571428575,1.6550000000000002,9.788536901165301,0.19172924977735628,15.47457142857148,50.1888136411411,3.5,True,2.07,2.17,11.652857142857142,0.14136844840883941,0.7694143756423435,1,1,1,1,21,True,
Deskeys_V2_Blue_56g,DataLog_2.csv,Deskeys_V2_Blue_56g/DataLog_2.csv,57d4ba6af29c5866d53fa822fff8f8c1d7dccbec4139562b68ce5f2bb2136ce0,278d45dcff1088e96576a45f0ba12aa5a1da9d1a,acq_sha256:57d4ba6af29c5866d53fa822fff8f8c1d7dccbec4139562b68ce5f2bb2136ce0,58061,False,pass,,False,,,True,False,True,intake-qc-v1.4 canonical retention authority,True,intake-qc-v1.4,test-imp 1.1.4,2,canonical_retention_authority,accepted,True,True,True,retained,retained,False,,,,,,51.112942857142855,1.135,35.008114285714285,2.81,31.508317993820967,3.49,138.78513899999987,41.39988174999997,16.10482857142857,1.675,9.614823027718549,0.18810936115714008,15.283000000000015,49.54414491968845,3.49,True,1.935,2.035,11.849599999999999,0.14185047948333224,0.7758441499085925,1,1,1,1,21,True,
Deskeys_V2_Brown_63g,DataLog_1.csv,Deskeys_V2_Brown_63g/DataLog_1.csv,a73c90dd28b085295850b865908a2efb58955b2e5504403a3f0800c55b3305c9,af586e4fd9b7022acccb1a885c7c44f06cc69667,acq_sha256:a73c90dd28b085295850b865908a2efb58955b2e5504403a3f0800c55b3305c9,56169,False,pass,,False,,,True,False,True,intake-qc-v1.4 canonical retention authority,True,intake-qc-v1.4,test-imp 1.1.4,2,canonical_retention_authority,accepted,True,True,True,retained,retained,False,,,,,,60.832699999999996,1.155,39.34794285714286,2.825,35.31777669387868,3.465,160.8579365,50.78122624999997,21.484757142857134,1.6700000000000002,12.865124037639001,0.21148369277771664,20.21242857142859,57.75334987433291,3.465,True,1.875,1.975,15.076485714285713,0.14073370280659261,0.7745492565055759,1,1,1,1,21,True,
Deskeys_V2_Brown_63g,DataLog_2.csv,Deskeys_V2_Brown_63g/DataLog_2.csv,f945b5d1e0b81dec331e8a18de50795bec61c6dc3a52942819229995a63f3232,abc2dab64101a6c3e809e17ba9dca8bf6bb931c4,acq_sha256:f945b5d1e0b81dec331e8a18de50795bec61c6dc3a52942819229995a63f3232,57855,False,pass,,False,,,True,False,True,intake-qc-v1.4 canonical retention authority,True,intake-qc-v1.4,test-imp 1.1.4,2,canonical_retention_authority,accepted,True,True,True,retained,retained,False,,,,,,61.30724285714286,1.15,39.55942857142857,2.835,35.473482858119546,3.46,161.81051099999985,51.10553350000001,21.74781428571429,1.685,12.906714709622724,0.21052512081970054,20.043428571428592,57.7937606020372,3.46,True,1.9249999999999998,2.025,15.751999999999999,0.14061486451276708,0.7712053280173975,1,1,1,1,21,True,
Deskeys_V2_Green_70g,DataLog_1.csv,Deskeys_V2_Green_70g/DataLog_1.csv,b23c4efa43f8fe126d74f8b496f8fe4c116c85b17cc30e071abb0221d7c10285,29d7057df668a8182ee8ccb6db1b1329e20daf31,acq_sha256:b23c4efa43f8fe126d74f8b496f8fe4c116c85b17cc30e071abb0221d7c10285,55093,False,pass,,False,,,True,False,True,intake-qc-v1.4 canonical retention authority,True,intake-qc-v1.4,test-imp 1.1.4,2,canonical_retention_authority,accepted,True,True,True,retained,retained,False,,,,,,75.53048571428572,1.125,46.18068571428571,2.81,38.858216947026506,3.49,196.46951150000018,61.04101900000002,29.34980000000001,1.685,17.418278931750745,0.23061256348383685,26.14042857142863,80.02167011137811,3.49,True,1.8199999999999998,1.92,16.276542857142857,0.14209737874613906,0.7344763458401304,1,1,1,1,21,True,
Deskeys_V2_Green_70g,DataLog_2.csv,Deskeys_V2_Green_70g/DataLog_2.csv,597f57d3148d01487437cd641cb4be1a7284ed16aeecbcb6d146a67590ac1728,b2175659f0dbc4ec262dc3b9577b142097ddf7db,acq_sha256:597f57d3148d01487437cd641cb4be1a7284ed16aeecbcb6d146a67590ac1728,56667,False,pass,,False,,,True,False,True,intake-qc-v1.4 canonical retention authority,True,intake-qc-v1.4,test-imp 1.1.4,2,canonical_retention_authority,accepted,True,True,True,retained,retained,False,,,,,,75.42905714285715,1.095,46.10341428571429,2.8,38.87844282820907,3.485,195.9412162499999,58.90002900000002,29.32564285714286,1.7049999999999998,17.1997905320486,0.22802605764345493,26.636285714285748,79.70159262589175,3.485,True,1.7349999999999999,1.835,16.51007142857143,0.1412674673640256,0.7326632854209449,1,1,1,1,21,True,
Deskeys_V2_Pink_42g,DataLog_1.csv,Deskeys_V2_Pink_42g/DataLog_1.csv,8bf3849befffe44b5433ab5c48586b58dc747578676f9ca1b5fcdad880b97ccc,1a0f647757671c845dab1862c640f8e21f28174f,acq_sha256:8bf3849befffe44b5433ab5c48586b58dc747578676f9ca1b5fcdad880b97ccc,57142,False,pass,,False,,,True,False,True,intake-qc-v1.4 canonical retention authority,True,intake-qc-v1.4,test-imp 1.1.4,2,canonical_retention_authority,accepted,True,True,True,retained,retained,False,,,,,,46.06448571428571,1.19,29.039371428571428,2.775,36.95930611558826,3.51,121.22162599999999,40.12756924999998,17.02511428571428,1.585,10.741397025687244,0.23318174205418463,18.52257142857148,42.05440271176412,3.51,True,2.11,2.21,11.954657142857142,0.1422598183838461,0.7911303550591765,1,1,1,1,21,True,
Deskeys_V2_Pink_42g,DataLog_2.csv,Deskeys_V2_Pink_42g/DataLog_2.csv,c125910b17c31f19b6d7af49562ba12a1b6823921903d2d94feab3aedfa1667d,8d2d07796c5a2d38785d7daca445d61d3740181c,acq_sha256:c125910b17c31f19b6d7af49562ba12a1b6823921903d2d94feab3aedfa1667d,57010,False,pass,,False,,,True,False,True,intake-qc-v1.4 canonical retention authority,True,intake-qc-v1.4,test-imp 1.1.4,2,canonical_retention_authority,accepted,True,True,True,retained,retained,False,,,,,,45.33475714285714,1.22,28.8382,2.79,36.38832141721599,3.505,119.85813950000012,40.982395499999996,16.496557142857142,1.57,10.507361237488626,0.23177274788035662,18.667571428571392,41.97595508949532,3.505,True,2.105,2.205,11.895685714285715,0.14331749762958282,0.7806170441395267,1,1,1,1,21,True,
Deskeys_V2_Purple_49g,DataLog_1.csv,Deskeys_V2_Purple_49g/DataLog_1.csv,725aae89915e8c48f9b71f43c409ae13ced65e10bba6a3a5c16cc432678c9853,0afceee1e249a2dee614627d5b9d80a9e9ee77f7,acq_sha256:725aae89915e8c48f9b71f43c409ae13ced65e10bba6a3a5c16cc432678c9853,56424,False,pass,,False,,,True,False,True,intake-qc-v1.4 canonical retention authority,True,intake-qc-v1.4,test-imp 1.1.4,2,canonical_retention_authority,accepted,True,True,True,retained,retained,False,,,,,,52.30144285714285,1.135,37.37591428571428,2.645,28.53750825229897,3.54,150.7149267499999,46.56941925000003,14.925528571428572,1.51,9.884456007568591,0.18899012087615213,14.250571428571348,42.506346594432074,3.54,True,1.96,2.06,20.968700000000002,0.13808058608058613,0.7277853312302838,1,1,1,1,21,True,
Deskeys_V2_Purple_49g,DataLog_2.csv,Deskeys_V2_Purple_49g/DataLog_2.csv,82e7c62e1eb908f9972d2d1f66e89fbf51e27888a2be8fcb788f94ea9f198595,c642b1baed8fbd0f3bd6e485ea485fcdf4c784bc,acq_sha256:82e7c62e1eb908f9972d2d1f66e89fbf51e27888a2be8fcb788f94ea9f198595,56491,False,pass,,False,,,True,False,True,intake-qc-v1.4 canonical retention authority,True,intake-qc-v1.4,test-imp 1.1.4,2,canonical_retention_authority,accepted,True,True,True,retained,retained,False,,,,,,52.57978571428571,1.09,37.32082857142858,2.71,29.020576891988625,3.52,150.5497947500001,44.899382249999995,15.258957142857135,1.6199999999999999,9.419109347442676,0.179139363530794,14.244000000000057,42.813806474272035,3.52,True,1.955,2.055,21.818014285714288,0.13828057500921495,0.7130815368822406,1,1,1,1,21,True,
Deskeys_V2_Tiffany_35g,DataLog_1.csv,Deskeys_V2_Tiffany_35g/DataLog_1.csv,1a84c29ee35a68a2a9ba96fc5247f64d2d2124b60835cd7b5cedab1409ac370a,728948eb6c4fdfabbaf41dc76c007639b8ffdb4d,acq_sha256:1a84c29ee35a68a2a9ba96fc5247f64d2d2124b60835cd7b5cedab1409ac370a,57098,False,pass,,False,,,True,False,True,intake-qc-v1.4 canonical retention authority,True,intake-qc-v1.4,test-imp 1.1.4,2,canonical_retention_authority,accepted,True,True,True,retained,retained,False,,,,,,35.53538571428572,1.135,23.93042857142857,2.825,32.657467787641856,3.505,96.1800265000001,28.831413499999996,11.604957142857145,1.6900000000000002,6.866838546069316,0.1932394543647447,11.75328571428576,34.763688722047426,3.505,True,1.9249999999999998,2.025,8.341957142857142,0.14163978014121012,0.7674290348742908,1,1,1,1,21,True,
Deskeys_V2_Tiffany_35g,DataLog_2.csv,Deskeys_V2_Tiffany_35g/DataLog_2.csv,52faaadbc1d990db33ee6d4639e36173ea5e37bab7053d5ab7818d28cb38fa32,fc49a73ac0299adb94606852261f0f58ef24c6d6,acq_sha256:52faaadbc1d990db33ee6d4639e36173ea5e37bab7053d5ab7818d28cb38fa32,58746,False,pass,,False,,,True,False,True,intake-qc-v1.4 canonical retention authority,True,intake-qc-v1.4,test-imp 1.1.4,2,canonical_retention_authority,accepted,True,True,True,retained,retained,False,,,,,,35.910028571428576,1.1,24.060514285714284,2.79,32.997785735938486,3.495,96.83859550000004,28.065462749999988,11.849514285714292,1.69,7.011546914623842,0.19525317003513895,11.70528571428573,35.41591404659625,3.495,True,1.875,1.975,8.637685714285714,0.1436656696256272,0.7597128583840143,1,1,1,1,21,True,
Deskeys_V3_Blue_56g,DataLog_1.csv,Deskeys_V3_Blue_56g/DataLog_1.csv,a081cb011c3b70729f439942a587b0228445ed346697a16df5058b27c0ea67be,dbccac7f7658f515ea15a97786da1443bc713554,acq_sha256:a081cb011c3b70729f439942a587b0228445ed346697a16df5058b27c0ea67be,60209,False,pass,,False,,,True,False,True,intake-qc-v1.4 canonical retention authority,True,intake-qc-v1.4,test-imp 1.1.4,2,canonical_retention_authority,accepted,True,True,True,retained,retained,False,,,,,,47.02108571428572,1.15,30.755385714285715,3.04,34.59235309630087,3.825,142.34460274999992,43.42079874999999,16.265700000000002,1.8900000000000001,8.606190476190477,0.18302832326085117,14.239714285714342,35.99892199969009,3.825,True,2.185,2.285,20.455085714285712,0.13625711058215997,0.7266303445413038,1,1,1,1,21,True,
Deskeys_V3_Blue_56g,DataLog_2.csv,Deskeys_V3_Blue_56g/DataLog_2.csv,fc7f4880a50edf80c4bebc333c35c4725777abb06b4905edfc4ab792b146469c,e1f2ac0b3628bc739738a2e6903fb375953cad11,acq_sha256:fc7f4880a50edf80c4bebc333c35c4725777abb06b4905edfc4ab792b146469c,60205,False,pass_with_offset_note,baseline_zero_offset,False,,,True,False,True,intake-qc-v1.4 canonical retention authority,True,intake-qc-v1.4,test-imp 1.1.4,2,canonical_retention_authority,accepted,True,True,True,retained,retained,False,,,,,,47.35348571428572,1.145,31.20414285714286,3.035,34.10381012832364,3.825,143.61838600000002,43.40466875000002,16.14934285714286,1.8900000000000001,8.544625850340136,0.1804434398324002,13.546571428571497,36.759238305810776,3.825,True,2.0949999999999998,2.195,20.383914285714287,0.13746732753388632,0.724412491178546,1,1,1,1,21,True,
Deskeys_V3_Blue_56g,DataLog_3.csv,Deskeys_V3_Blue_56g/DataLog_3.csv,918e9ca70bb931b193520c6d6dd6fac05713d279fc60204296afe1ce208654b1,70af2d2adc78518ea0005edde7b64746785448fa,acq_sha256:918e9ca70bb931b193520c6d6dd6fac05713d279fc60204296afe1ce208654b1,60292,False,pass,,False,,,True,False,True,intake-qc-v1.4 canonical retention authority,True,intake-qc-v1.4,test-imp 1.1.4,2,canonical_retention_authority,accepted,True,True,True,retained,retained,False,,,,,,47.652028571428566,1.11,31.515442857142858,3.025,33.863376225626126,3.835,144.87687499999996,41.75682250000001,16.136585714285708,1.9149999999999998,8.426415516598281,0.17683225183094584,13.402714285714268,37.43403989234406,3.835,True,2.085,2.185,19.99445714285714,0.1372069284842362,0.728274769585253,1,1,1,1,21,True,
Deskeys_V3_Brown_63g,DataLog_1.csv,Deskeys_V3_Brown_63g/DataLog_1.csv,8a4b99088323a309e4be81698934f51fa8fe02618988dadc1a13e7d1a68b1b91,83adc159591255644bf32728286fe150aba366e4,acq_sha256:8a4b99088323a309e4be81698934f51fa8fe02618988dadc1a13e7d1a68b1b91,60220,False,pass_with_offset_note,baseline_zero_offset,False,,,True,False,True,intake-qc-v1.4 canonical retention authority,True,intake-qc-v1.4,test-imp 1.1.4,2,canonical_retention_authority,accepted,True,True,True,retained,retained,False,,,,,,69.55262857142857,1.165,40.4034,3.095,41.90960021229556,3.855,203.25636825000015,65.4048205,29.149228571428573,1.9300000000000002,15.10322723908216,0.21714818762847443,26.117571428571438,52.46383345955478,3.855,True,2.04,2.14,30.158514285714286,0.11457012055358008,0.7152752034725985,1,1,1,1,21,True,
Deskeys_V3_Brown_63g,DataLog_2.csv,Deskeys_V3_Brown_63g/DataLog_2.csv,59559bafcd5b55dc079a6726b9c8d42726db3d32e58947ba80a31c8c64da279d,1d09f236670276dd867fa5636dd5a24d5435c885,acq_sha256:59559bafcd5b55dc079a6726b9c8d42726db3d32e58947ba80a31c8c64da279d,61944,False,pass,,False,,,True,False,True,intake-qc-v1.4 canonical retention authority,True,intake-qc-v1.4,test-imp 1.1.4,2,canonical_retention_authority,accepted,True,True,True,retained,retained,False,,,,,,70.519,1.185,41.81478571428572,3.085,40.70422763470027,3.85,207.42458874999983,67.92830400000003,28.704214285714286,1.9,15.10748120300752,0.2142327770247383,25.36357142857156,51.842106506041304,3.85,True,2.0349999999999997,2.135,31.800514285714286,0.12168695050589488,0.7191701675086414,1,1,1,1,21,True,
Deskeys_V3_Cheese_28g,DataLog_1.csv,Deskeys_V3_Cheese_28g/DataLog_1.csv,9b584bf3497b29060c2a94a0dbec4af21a8e9c02ae3fedbf30489ae83f92ba35,68ec04c4412b1af0076039f4350a7724d1c9ced3,acq_sha256:9b584bf3497b29060c2a94a0dbec4af21a8e9c02ae3fedbf30489ae83f92ba35,61535,False,pass,,False,,,True,False,True,intake-qc-v1.4 canonical retention authority,True,intake-qc-v1.4,test-imp 1.1.4,2,canonical_retention_authority,accepted,True,True,True,retained,retained,False,,,,,,31.80195714285714,1.295,24.079900000000002,3.135,24.281704135908967,3.81,99.64723549999995,31.578240000000005,7.722057142857139,1.8399999999999999,4.196770186335402,0.13196578334733133,8.752714285714305,26.42555581504285,3.81,True,2.675,2.775,8.876142857142858,0.12592870466023875,0.819978493317132,1,1,1,1,21,True,
Deskeys_V3_Cheese_28g,DataLog_2.csv,Deskeys_V3_Cheese_28g/DataLog_2.csv,6e22fab8136e752ac47e60d69ffb54871bd43149c5b5efb45f9d0e5f07aed85b,77debe029941990f2a9d206dbd378d465de1c602,acq_sha256:6e22fab8136e752ac47e60d69ffb54871bd43149c5b5efb45f9d0e5f07aed85b,63401,False,pass,,False,,,True,False,True,intake-qc-v1.4 canonical retention authority,True,intake-qc-v1.4,test-imp 1.1.4,2,canonical_retention_authority,accepted,True,True,True,retained,retained,False,,,,,,31.843128571428572,1.295,24.119214285714285,3.1,24.256141378785916,3.81,99.77464475000008,31.58711099999999,7.723914285714287,1.8050000000000002,4.279176889592402,0.13438305473011586,9.070285714285689,26.30006068547316,3.81,True,2.665,2.765,8.932471428571429,0.12430629235802759,0.8212068027210884,1,1,1,1,21,True,
Deskeys_V3_Green_70g,DataLog_1.csv,Deskeys_V3_Green_70g/DataLog_1.csv,790d257be4fd206dad766767e5c45d96711de780d5a692e019c935c39059ed63,11d08c9c940b691417a39611b7467a28c1a1fa44,acq_sha256:790d257be4fd206dad766767e5c45d96711de780d5a692e019c935c39059ed63,60434,False,pass_with_offset_note,baseline_zero_offset,False,,,True,False,True,intake-qc-v1.4 canonical retention authority,True,intake-qc-v1.4,test-imp 1.1.4,2,canonical_retention_authority,accepted,True,True,True,retained,retained,False,,,,,,86.22392857142857,1.0,47.13624285714286,3.02,45.33275897062052,3.905,246.38298699999984,67.52481075000004,39.08768571428571,2.02,19.350339462517677,0.224419598864458,37.23700000000001,79.84086348006896,3.905,True,2.14,2.24,35.788599999999995,0.1321766484645646,0.6375351966873701,1,1,1,1,21,True,
Deskeys_V3_Green_70g,DataLog_2.csv,Deskeys_V3_Green_70g/DataLog_2.csv,91299d072b20bdc6d130f6c91ca5faf36a9ebb812001f70103850100c324649d,7409fccf4828fb2b58f609c39c26bdc724179221,acq_sha256:91299d072b20bdc6d130f6c91ca5faf36a9ebb812001f70103850100c324649d,60522,False,pass,,False,,,True,False,True,intake-qc-v1.4 canonical retention authority,True,intake-qc-v1.4,test-imp 1.1.4,2,canonical_retention_authority,accepted,True,True,True,retained,retained,False,,,,,,86.3437,1.085,48.071057142857136,3.005,44.325924018941585,3.93,247.72453850000002,72.39976374999993,38.27264285714286,1.92,19.933668154761907,0.2308641875986541,45.67828571428578,82.61566508136093,3.93,True,1.875,1.975,30.866828571428574,0.1309514267365571,0.668155806791474,1,1,1,1,21,True,
Deskeys_V3_Pink_42g,DataLog_1.csv,Deskeys_V3_Pink_42g/DataLog_1.csv,10f969f0d7299909df5414995057f35006e5efbaddfdfa4d83f1fa5b0e1370ab,72652ee95142975c40d455a72790f69ee76f147b,acq_sha256:10f969f0d7299909df5414995057f35006e5efbaddfdfa4d83f1fa5b0e1370ab,60819,False,pass,,False,,,True,False,True,intake-qc-v1.4 canonical retention authority,True,intake-qc-v1.4,test-imp 1.1.4,2,canonical_retention_authority,accepted,True,True,True,retained,retained,False,,,,,,45.36485714285714,1.25,29.055057142857144,3.105,35.95249941742191,3.86,134.09579125,42.1632465,16.309799999999996,1.855,8.792345013477087,0.19381401303192405,13.90985714285712,40.19161440347168,3.86,True,2.1,2.2,12.145228571428571,0.14638578097800284,0.8076108462455303,1,1,1,1,21,True,
Deskeys_V3_Pink_42g,DataLog_2.csv,Deskeys_V3_Pink_42g/DataLog_2.csv,d5f7e48053604057c77d80c7c183d3de54f464ad5bb97ccac3dc495f6400dabe,5ff6fcfeebab0dca19aafe8b4c6c92ce91bb7732,acq_sha256:d5f7e48053604057c77d80c7c183d3de54f464ad5bb97ccac3dc495f6400dabe,60871,False,pass,,False,,,True,False,True,intake-qc-v1.4 canonical retention authority,True,intake-qc-v1.4,test-imp 1.1.4,2,canonical_retention_authority,accepted,True,True,True,retained,retained,False,,,,,,45.306357142857145,1.21,29.183957142857142,3.11,35.585293139247256,3.86,134.18031074999996,40.215494250000006,16.122400000000003,1.9,8.485473684210527,0.187291016522354,14.547000000000025,40.34223403369378,3.86,True,2.165,2.265,11.862942857142857,0.14466990459336768,0.8078640005431834,1,1,1,1,21,True,
Deskeys_V3_Pink_42g,DataLog_3.csv,Deskeys_V3_Pink_42g/DataLog_3.csv,d298507a7da5f15f4120e17c5a48f93f77813004c596872916bc700d01bd5e2a,9a75c9ac6d23f9039bea43f634a10cc376bef1d2,acq_sha256:d298507a7da5f15f4120e17c5a48f93f77813004c596872916bc700d01bd5e2a,62589,False,pass,,False,,,True,False,True,intake-qc-v1.4 canonical retention authority,True,intake-qc-v1.4,test-imp 1.1.4,2,canonical_retention_authority,accepted,True,True,True,retained,retained,False,,,,,,45.27941428571428,1.26,29.142428571428574,3.085,35.63868033376251,3.86,133.89058824999992,42.41445949999998,16.136985714285707,1.825,8.842183953033265,0.19528044018500004,14.843142857142837,40.507859208803524,3.86,True,2.165,2.265,11.731414285714285,0.14438097559146637,0.8069289483603467,1,1,1,1,21,True,
Deskeys_V3_Purple_49g,DataLog_1.csv,Deskeys_V3_Purple_49g/DataLog_1.csv,57b5261ae31039252e3f63c594db941c57471419831da327cb4e8744c4a79314,b5801a29844a307c996cd4772c44307aa2f2a8f2,acq_sha256:57b5261ae31039252e3f63c594db941c57471419831da327cb4e8744c4a79314,60068,False,pass,,False,,,True,False,True,intake-qc-v1.4 canonical retention authority,True,intake-qc-v1.4,test-imp 1.1.4,2,canonical_retention_authority,accepted,True,True,True,retained,retained,False,,,,,,47.62631428571429,1.255,37.16617142857143,3.07,21.962948454065906,3.855,153.08996750000006,44.06885149999997,10.460142857142856,1.815,5.763164108618653,0.12100798046317304,15.936142857142883,34.174595492322275,3.855,True,2.165,2.265,14.630957142857142,0.14240856160368878,0.9148035331905786,1,1,1,1,21,True,
Deskeys_V3_Purple_49g,DataLog_2.csv,Deskeys_V3_Purple_49g/DataLog_2.csv,1f63dd894156e38592d5674cb3904c141b258f0e2f0bc2c408ba499b6ddd79df,2b5f56f3dbbb1a4d132bf9654c94b7afcba40134,acq_sha256:1f63dd894156e38592d5674cb3904c141b258f0e2f0bc2c408ba499b6ddd79df,60064,False,pass,,False,,,True,False,True,intake-qc-v1.4 canonical retention authority,True,intake-qc-v1.4,test-imp 1.1.4,2,canonical_retention_authority,accepted,True,True,True,retained,retained,False,,,,,,47.44134285714286,1.255,37.52965714285715,3.09,20.89250665634012,3.85,153.5051244999999,44.176552500000014,9.91168571428571,1.835,5.401463604515373,0.11385562210539575,15.578857142857174,34.33752256560153,3.85,True,2.165,2.265,14.749300000000002,0.14152998153169083,0.903193384467881,1,1,1,1,21,True,
Deskeys_V3_Tiffany_35g,DataLog_1.csv,Deskeys_V3_Tiffany_35g/DataLog_1.csv,062d557e973948341068b5daacc28287c1ac9aaa4f6234b5aa339508d2bb3294,db7ff2fdb4d955383eff577d5a91ea87dd2a96a2,acq_sha256:062d557e973948341068b5daacc28287c1ac9aaa4f6234b5aa339508d2bb3294,60845,False,pass,,False,,,True,False,True,intake-qc-v1.4 canonical retention authority,True,intake-qc-v1.4,test-imp 1.1.4,2,canonical_retention_authority,accepted,True,True,True,retained,retained,False,,,,,,34.84674285714286,1.145,24.37514285714286,2.975,30.050441279201333,3.835,106.41183775,29.697797750000014,10.471599999999999,1.83,5.722185792349726,0.16421006163497995,9.35100000000002,32.15103791128585,3.835,True,1.995,2.095,9.739142857142857,0.1313375612436467,0.7560788232652148,1,1,1,1,21,True,
Deskeys_V3_Tiffany_35g,DataLog_2.csv,Deskeys_V3_Tiffany_35g/DataLog_2.csv,cd9a039625c11cc09f2e0cf3583f55bfc955e59ac6566a01fc98201eebe64c83,1033fcbf8f8333eca9e5c49fc88853631fd53ff2,acq_sha256:cd9a039625c11cc09f2e0cf3583f55bfc955e59ac6566a01fc98201eebe64c83,62656,False,pass,,False,,,True,False,True,intake-qc-v1.4 canonical retention authority,True,intake-qc-v1.4,test-imp 1.1.4,2,canonical_retention_authority,accepted,True,True,True,retained,retained,False,,,,,,34.6153,1.165,24.434357142857145,2.94,29.411684593641695,3.84,106.02088750000009,29.89997125000002,10.180942857142853,1.775,5.735742454728368,0.16569963151347433,9.231571428571428,32.22199024184778,3.84,True,2.09,2.19,9.164771428571429,0.13332162349676227,0.7652013647642677,1,1,1,1,21,True,
DynaCaps_Light_35g,DataLog_1.csv,DynaCaps_Light_35g/DataLog_1.csv,264ab61c7518ce5347c004f7a30ab5226d851b7376c74f56fb46a622c11d4452,7b74819b31fe31b08d48bb7f29b0698e9336bb1e,acq_sha256:264ab61c7518ce5347c004f7a30ab5226d851b7376c74f56fb46a622c11d4452,64101,False,pass,,False,,,True,False,True,intake-qc-v1.4 canonical retention authority,True,intake-qc-v1.4,test-imp 1.1.4,2,canonical_retention_authority,accepted,True,True,True,retained,retained,False,,,,,,36.021371428571435,1.33,30.0896,3.26,16.46736699165893,3.93,122.5565624999999,38.33277349999999,5.931771428571434,1.9299999999999997,3.073456698741676,0.08532314503450225,6.27842857142852,25.37192058712487,3.93,True,2.025,2.125,13.216571428571429,0.11635825737045251,0.8354145833333341,1,1,1,1,21,True,
DynaCaps_Light_35g,DataLog_2.csv,DynaCaps_Light_35g/DataLog_2.csv,389aac90ed12d5aa23cab55ac9a8fcb5355cec4054b69eea19659e3f13c1e2b6,ec6a5f3e9c17751edc37e3627ae76ccdb02ef217,acq_sha256:389aac90ed12d5aa23cab55ac9a8fcb5355cec4054b69eea19659e3f13c1e2b6,65966,False,pass,,False,,,True,False,True,intake-qc-v1.4 canonical retention authority,True,intake-qc-v1.4,test-imp 1.1.4,2,canonical_retention_authority,accepted,True,True,True,retained,retained,False,,,,,,35.85671428571429,1.31,29.943057142857146,3.105,16.492468037466583,3.93,121.99913224999999,37.18471825000001,5.913657142857144,1.795,3.2945165141265425,0.0918800447769726,5.800142857142845,24.947718241996306,3.93,True,2.1,2.2,13.034728571428571,0.1169281273288619,0.848762132921175,1,1,1,1,21,True,
DynaCaps_Light_35g,DataLog_3.csv,DynaCaps_Light_35g/DataLog_3.csv,2fd288f5bb8748d75adb5d695b4b9eed606ec279c3c8184d3bbd4e1e665421f6,948c057251fc2181d2b8a3cece6aaff36a156442,acq_sha256:2fd288f5bb8748d75adb5d695b4b9eed606ec279c3c8184d3bbd4e1e665421f6,67794,False,pass,,False,,,True,False,True,intake-qc-v1.4 canonical retention authority,True,intake-qc-v1.4,test-imp 1.1.4,2,canonical_retention_authority,accepted,True,True,True,retained,retained,False,,,,,,35.86351428571429,1.265,30.021199999999997,3.045,16.290412141906273,3.925,121.94558624999992,35.569857,5.842314285714291,1.78,3.2821990369181413,0.0915191693365521,6.157857142857139,24.86828540543537,3.925,True,2.0549999999999997,2.155,13.100557142857143,0.1171515069735308,0.8494241754505278,1,1,1,1,21,True,
DynaCaps_Medium_45g,DynaCaps_Medium-DataLog_1.csv,DynaCaps_Medium_45g/DynaCaps_Medium-DataLog_1.csv,7a58fac97cc350f15580987aef73a48bbae03bd91d77b8ca830b8b65e721e6cc,b1b82602b7469524a5dd85b3cba951cb93e38afd,acq_sha256:7a58fac97cc350f15580987aef73a48bbae03bd91d77b8ca830b8b65e721e6cc,63517,False,pass,,False,,,True,False,True,intake-qc-v1.4 canonical retention authority,True,intake-qc-v1.4,test-imp 1.1.4,2,canonical_retention_authority,accepted,True,True,True,retained,retained,False,,,,,,48.044157142857145,1.35,38.379157142857146,3.295,20.11691030661971,3.875,158.96216,52.92149575000002,9.665,1.9449999999999998,4.969151670951157,0.10342884476411164,8.24842857142869,28.053784640041364,3.875,True,2.1799999999999997,2.28,22.74922857142857,0.13850600439607574,0.8598326673326677,1,1,1,1,21,True,
DynaCaps_Medium_45g,DynaCaps_Medium-DataLog_2.csv,DynaCaps_Medium_45g/DynaCaps_Medium-DataLog_2.csv,557f3fd595a63e0b9bda32b7538fae704d36d89a9a1d26d626a5451848017c3a,cc85b21893cb9da43fd21cda29aefd75a9cd7a3e,acq_sha256:557f3fd595a63e0b9bda32b7538fae704d36d89a9a1d26d626a5451848017c3a,65243,False,pass,,False,,,True,False,True,intake-qc-v1.4 canonical retention authority,True,intake-qc-v1.4,test-imp 1.1.4,2,canonical_retention_authority,accepted,True,True,True,retained,retained,False,,,,,,47.74571428571428,1.31,38.26035714285714,3.275,19.866405361737772,3.88,158.1257212499999,50.53824399999999,9.48535714285714,1.9649999999999999,4.8271537622682645,0.10110129955082837,8.245857142857176,27.543369332252198,3.88,True,2.125,2.225,22.888785714285714,0.14285244335244332,0.8648244946750702,1,1,1,1,21,True,
DynaCaps_Medium_45g,DynaCaps_Medium-DataLog_3.csv,DynaCaps_Medium_45g/DynaCaps_Medium-DataLog_3.csv,65ec93260706018b1bfd0a12e21f2eb1630bbb942fccd5c845f98a95ad0b226c,3f31183760afe482b42c67dac7085e060925d74b,acq_sha256:65ec93260706018b1bfd0a12e21f2eb1630bbb942fccd5c845f98a95ad0b226c,67048,False,pass,,False,,,True,False,True,intake-qc-v1.4 canonical retention authority,True,intake-qc-v1.4,test-imp 1.1.4,2,canonical_retention_authority,accepted,True,True,True,retained,retained,False,,,,,,47.74355714285714,1.33,38.24585714285714,3.355,19.89315536666279,3.88,158.35279225000022,51.58638125000005,9.497700000000002,2.025,4.690222222222223,0.09823780427981625,8.130571428571471,27.556679669007913,3.88,True,2.14,2.24,22.867514285714286,0.14356912622370338,0.8657473612197031,1,1,1,1,21,True,
DynaCaps_Parts,DynaCaps_Parts-DataLog_1.csv,DynaCaps_Parts/DynaCaps_Parts-DataLog_1.csv,63d583b31924ad3ab3aad45cfb1d791329c1a3c510d393e188653f1840cf2ba3,c10b0e0bdda81896771c41c9cc77a25bb96c4454,acq_sha256:63d583b31924ad3ab3aad45cfb1d791329c1a3c510d393e188653f1840cf2ba3,57211,False,pass,,False,,,True,False,True,intake-qc-v1.4 canonical retention authority,True,intake-qc-v1.4,test-imp 1.1.4,2,canonical_retention_authority,accepted,True,True,True,retained,retained,False,,,,,,60.16184285714286,0.98,47.52372857142858,2.705,21.00686030466866,3.67,192.53354149999979,51.61885499999998,12.63811428571428,1.725,7.326443064182191,0.12177890031691975,13.359285714285676,25.920936531493677,3.67,True,1.6549999999999998,1.755,42.47854285714286,0.12721700500922759,0.6729781499744943,1,1,1,1,21,True,
DynaCaps_Parts,DynaCaps_Parts-DataLog_2.csv,DynaCaps_Parts/DynaCaps_Parts-DataLog_2.csv,441cc969cc9086bee23921f2c35a886d17f66be800c6e5c70f4606f600f1ff1d,10809820d4458364d305aa8c8e4411642cc91355,acq_sha256:441cc969cc9086bee23921f2c35a886d17f66be800c6e5c70f4606f600f1ff1d,58676,False,pass,,False,,,True,False,True,intake-qc-v1.4 canonical retention authority,True,intake-qc-v1.4,test-imp 1.1.4,2,canonical_retention_authority,accepted,True,True,True,retained,retained,False,,,,,,59.979214285714285,0.97,47.62542857142857,2.685,20.596778169580173,3.645,190.73410025,50.51172475000001,12.353785714285713,1.715,7.203373594335693,0.12009783189259576,14.048571428571464,25.046295641408392,3.645,True,1.5999999999999999,1.7,42.938657142857146,0.13948963499305697,0.6837795335658241,1,1,1,1,21,True,
DynaCaps_Parts,DynaCaps_Parts-DataLog_3.csv,DynaCaps_Parts/DynaCaps_Parts-DataLog_3.csv,15ac0198c5d8a85e4041afc38bd0cc3a9828111f35387b7c1cf178647cd824ab,151a1010c4a8af2fed2973c8e61d87e2da6dfecc,acq_sha256:15ac0198c5d8a85e4041afc38bd0cc3a9828111f35387b7c1cf178647cd824ab,60267,False,pass,,False,,,True,False,True,intake-qc-v1.4 canonical retention authority,True,intake-qc-v1.4,test-imp 1.1.4,2,canonical_retention_authority,accepted,True,True,True,retained,retained,False,,,,,,59.39821428571429,0.975,47.5007,2.7,20.03008748459249,3.645,189.72244874999984,50.34152375000002,11.897514285714287,1.725,6.897109730848862,0.11611644918604343,12.995428571428604,24.74429571066115,3.645,True,1.6099999999999999,1.71,42.403571428571425,0.12894003847007468,0.678388462651998,1,1,1,1,21,True,
DynaCaps_Parts,DynaCaps_Parts-DataLog_4.csv,DynaCaps_Parts/DynaCaps_Parts-DataLog_4.csv,960cd3c84b3142baa7e254b7a3483118f69cccd0be56760163bd7f86ead3dd8e,4308e31c8d052a185b1f459bc387f1aa6f0a47c1,acq_sha256:960cd3c84b3142baa7e254b7a3483118f69cccd0be56760163bd7f86ead3dd8e,60229,False,pass,,False,,,True,False,True,intake-qc-v1.4 canonical retention authority,True,intake-qc-v1.4,test-imp 1.1.4,2,canonical_retention_authority,accepted,True,True,True,retained,retained,False,,,,,,59.63581428571428,0.97,47.60648571428572,2.695,20.171316038037535,3.64,190.0260242500002,50.361698249999996,12.029328571428564,1.7249999999999999,6.973523809523806,0.11693516543789875,13.281285714285715,24.786028222604656,3.64,True,1.595,1.695,42.675785714285716,0.13177414370332224,0.6791802361715349,1,1,1,1,21,True,
DynaCaps_Parts,DynaCaps_Parts-DataLog_5.csv,DynaCaps_Parts/DynaCaps_Parts-DataLog_5.csv,e1703ec3f809c5b380711700251fb4eaed5c5646494beba0efe6035dd5e7cbbf,941ddc79c3f85b21db26bbfaeca8fd05a84694f1,acq_sha256:e1703ec3f809c5b380711700251fb4eaed5c5646494beba0efe6035dd5e7cbbf,60256,False,pass,,False,,,True,False,True,intake-qc-v1.4 canonical retention authority,True,intake-qc-v1.4,test-imp 1.1.4,2,canonical_retention_authority,accepted,True,True,True,retained,retained,False,,,,,,59.52531428571428,0.975,47.620400000000004,2.76,19.999750406309715,3.645,190.86929325000008,50.41393050000001,11.904914285714277,1.7849999999999997,6.669419767907159,0.1120434196431917,13.304571428571421,25.351863015376406,3.645,True,1.8699999999999999,1.97,42.129014285714284,0.1290083005552984,0.6779636176284082,1,1,1,1,21,True,
Dynacaps_Heavy_55g,DynaCaps_Heavy-DataLog_2.csv,Dynacaps_Heavy_55g/DynaCaps_Heavy-DataLog_2.csv,bdeb628bf19f86cab66b3e93871e7b36320f36f3a303639fdb5d77e0057e1cf9,17dc6d7bce2b4bbfb5a892d8492c76f5f99ae91d,acq_sha256:bdeb628bf19f86cab66b3e93871e7b36320f36f3a303639fdb5d77e0057e1cf9,64648,False,pass_with_offset_note,baseline_zero_offset,False,,,True,False,True,intake-qc-v1.4 canonical retention authority,True,intake-qc-v1.4,test-imp 1.1.4,2,canonical_retention_authority,accepted,True,True,True,retained,retained,False,,,,,,53.25967142857143,1.185,39.440757142857144,3.395,25.946300296364683,3.91,173.2971869999998,51.44295600000001,13.818914285714285,2.21,6.252902391725921,0.11740407373920672,10.770285714285706,33.23443279448363,3.91,True,2.04,2.14,26.4445,0.14113572214076245,0.7866149838303992,1,1,1,1,21,True,
Dynacaps_Heavy_55g,DynaCaps_Heavy-DataLog_3.csv,Dynacaps_Heavy_55g/DynaCaps_Heavy-DataLog_3.csv,64e06119d492bb04e142c8c492c5170ec8c1711d5cf6c919204ba8a26c2e1bb3,a2eb39a69fc4afd228f74b4f7498d8b3f2edf6cd,acq_sha256:64e06119d492bb04e142c8c492c5170ec8c1711d5cf6c919204ba8a26c2e1bb3,66405,False,pass,,False,,,True,False,True,intake-qc-v1.4 canonical retention authority,True,intake-qc-v1.4,test-imp 1.1.4,2,canonical_retention_authority,accepted,True,True,True,retained,retained,False,,,,,,53.187128571428566,1.16,39.47665714285714,3.385,25.77779962337826,3.91,173.21052950000006,50.12097575,13.710471428571424,2.2249999999999996,6.162009630818618,0.11585527920619444,10.469714285714176,33.39293690356722,3.91,True,2.155,2.255,26.502957142857145,0.14151468881150106,0.780791707317073,1,1,1,1,21,True,
Dynacaps_Slider_0.3mm_Poron,Dynacaps_Slider_0.3mm_Poron-DataLog_1.csv,Dynacaps_Slider_0.3mm_Poron/Dynacaps_Slider_0.3mm_Poron-DataLog_1.csv,4ddf45be0a8e75e6b4630564b5fd58479bdfa18d7823c50c29bcdc8e82832fb6,902e4e12471a80b350f19a7696d0734af2450ae5,acq_sha256:4ddf45be0a8e75e6b4630564b5fd58479bdfa18d7823c50c29bcdc8e82832fb6,61644,False,pass,,False,,,True,False,True,intake-qc-v1.4 canonical retention authority,True,intake-qc-v1.4,test-imp 1.1.4,2,canonical_retention_authority,accepted,True,True,True,retained,retained,False,,,,,,60.24829999999999,1.21,45.26702857142857,3.025,24.865882404269378,3.985,200.04887899999972,58.99934175000001,14.981271428571425,1.815,8.2541440377804,0.1370021069105751,13.26671428571423,43.397711800858595,3.985,True,2.235,2.335,27.169999999999998,0.13980498380182596,0.7495753818686764,1,1,1,1,21,True,
Dynacaps_Slider_0.3mm_Poron,Dynacaps_Slider_0.3mm_Poron-DataLog_3.csv,Dynacaps_Slider_0.3mm_Poron/Dynacaps_Slider_0.3mm_Poron-DataLog_3.csv,6956e6c6465d8eff75a4d322b6acb13a7714ec7496c67f4549ed79c057c82037,74d8e7c47e7838a1b1102304bd6a6fc27c273917,acq_sha256:6956e6c6465d8eff75a4d322b6acb13a7714ec7496c67f4549ed79c057c82037,65145,False,pass,,False,,,True,False,True,intake-qc-v1.4 canonical retention authority,True,intake-qc-v1.4,test-imp 1.1.4,2,canonical_retention_authority,accepted,True,True,True,retained,retained,False,,,,,,60.321171428571425,1.23,45.15702857142857,3.15,25.13900592116201,3.985,199.81548475000008,60.13409074999999,15.164142857142856,1.92,7.897991071428571,0.13093232250605213,11.619714285714267,43.655113439261946,3.985,True,1.92,2.02,26.769857142857145,0.13896293840747867,0.7538061793010297,1,1,1,1,21,True,
Dynacaps_Slider_0.3mm_Poron,Dynacaps_Slider_0.3mm_Poron-DataLog_4.csv,Dynacaps_Slider_0.3mm_Poron/Dynacaps_Slider_0.3mm_Poron-DataLog_4.csv,e4abc27830da86a26ae3efd86f627e08ab8619c7a8359e78cf5b17f97d0debfe,ff750115e8c98212f0ea58332b5efbe42f80adc9,acq_sha256:e4abc27830da86a26ae3efd86f627e08ab8619c7a8359e78cf5b17f97d0debfe,65058,False,pass,,False,,,True,False,True,intake-qc-v1.4 canonical retention authority,True,intake-qc-v1.4,test-imp 1.1.4,2,canonical_retention_authority,accepted,True,True,True,retained,retained,False,,,,,,60.310428571428574,1.205,45.229614285714284,3.13,25.00531772519797,3.98,199.81867625000018,58.83037375000001,15.08081428571429,1.9249999999999998,7.834189239332099,0.12989775441661283,11.552142857142869,43.027005429596805,3.98,True,1.815,1.915,27.206042857142855,0.13746659679941445,0.7529755848641864,1,1,1,1,21,True,
Dynacaps_Slider_0.5mm_Silicone,Dynacaps_Slider_0.5mm_Silicone-DataLog_1.csv,Dynacaps_Slider_0.5mm_Silicone/Dynacaps_Slider_0.5mm_Silicone-DataLog_1.csv,4880ed759c8f2179137427a16d282558a89249064af5554f14403321a9a19884,e0d8681cb8c631f18474f15fc549c87953e34586,acq_sha256:4880ed759c8f2179137427a16d282558a89249064af5554f14403321a9a19884,58240,False,pass,,False,,,True,False,True,intake-qc-v1.4 canonical retention authority,True,intake-qc-v1.4,test-imp 1.1.4,2,canonical_retention_authority,accepted,True,True,True,retained,retained,False,,,,,,61.93141428571429,0.865,45.163585714285716,3.0,27.074835549648355,3.735,194.54552849999993,46.34036875,16.767828571428574,2.135,7.853783874205422,0.12681421803113985,15.342571428571432,29.438913951442018,3.735,True,1.73,1.83,43.82498571428572,0.12934359538207815,0.6213842624065262,1,1,1,1,21,True,
Dynacaps_Slider_0.5mm_Silicone,Dynacaps_Slider_0.5mm_Silicone-DataLog_2.csv,Dynacaps_Slider_0.5mm_Silicone/Dynacaps_Slider_0.5mm_Silicone-DataLog_2.csv,73c96bedae84b79734eb61349118ea44a45b857fce17cd2306cfa228a7de1023,ae0a91bc720e98c08bdac22deb77172b7e7ba565,acq_sha256:73c96bedae84b79734eb61349118ea44a45b857fce17cd2306cfa228a7de1023,59827,False,pass,,False,,,True,False,True,intake-qc-v1.4 canonical retention authority,True,intake-qc-v1.4,test-imp 1.1.4,2,canonical_retention_authority,accepted,True,True,True,retained,retained,False,,,,,,61.370242857142856,0.855,46.12614285714285,2.99,24.8395627755378,3.725,194.70473975000013,44.866339249999996,15.244100000000003,2.1350000000000002,7.140093676814989,0.11634455632570397,14.762000000000057,30.515189620808346,3.725,True,1.73,1.83,42.2482,0.1311508546231476,0.6324629708448607,1,1,1,1,21,True,
KLC_Densus_35g,DataLog_1.csv,KLC_Densus_35g/DataLog_1.csv,b9ad2700b0dc6021a6fcded5ba309ab60f1fc53aa0bda472b8962cc96b5a454b,0812927641550353830a8b44ea69408689f992c9,acq_sha256:b9ad2700b0dc6021a6fcded5ba309ab60f1fc53aa0bda472b8962cc96b5a454b,60086,False,review,force_spikes,False,,,True,False,True,intake-qc-v1.4 canonical retention authority,True,intake-qc-v1.4,test-imp 1.1.4,2,canonical_retention_authority,accepted,True,True,True,retained,retained,False,,,,,,42.28181428571429,1.38,35.091742857142854,3.24,17.005115674519995,3.795,143.395581,49.72743524999995,7.190071428571436,1.8600000000000003,3.865629800307223,0.09142535308881716,6.845285714285652,18.781866822001994,3.795,True,2.96,3.06,24.131685714285712,0.112291512215055,0.8853830794565661,1,1,1,1,21,True,
KLC_Densus_35g,DataLog_2.csv,KLC_Densus_35g/DataLog_2.csv,ec0bef5410ff9f5f8a80b324743c83ea25fa1b50ebd03865ae029cc0e7f76d5e,a0122f4123ee19f7742b208673273b883c2b111d,acq_sha256:ec0bef5410ff9f5f8a80b324743c83ea25fa1b50ebd03865ae029cc0e7f76d5e,61649,False,pass,,False,,,True,False,True,intake-qc-v1.4 canonical retention authority,True,intake-qc-v1.4,test-imp 1.1.4,2,canonical_retention_authority,accepted,True,True,True,retained,retained,False,,,,,,41.9853,1.38,35.0717,3.225,16.466715731458397,3.785,142.27880574999998,49.42912299999997,6.913600000000002,1.8450000000000002,3.747208672086722,0.0892504917694222,6.9792857142856946,17.464288880739364,3.785,True,2.88,2.98,25.22922857142857,0.13940977016161782,0.906967913204064,1,1,1,1,21,True,
KLC_Densus_45g,DataLog_1.csv,KLC_Densus_45g/DataLog_1.csv,007aeff34a115738c868f0318ffefe74da4e787de2ad9dd15dff051dd08fa6b9,4de514b8e42a8af8b0de0c56682cd308e1a0e7d4,acq_sha256:007aeff34a115738c868f0318ffefe74da4e787de2ad9dd15dff051dd08fa6b9,60347,False,pass,,False,,,True,False,True,intake-qc-v1.4 canonical retention authority,True,intake-qc-v1.4,test-imp 1.1.4,2,canonical_retention_authority,accepted,True,True,True,retained,retained,False,,,,,,46.80637142857143,1.31,35.468557142857144,3.265,24.22280116931578,3.835,155.06646549999988,52.02204000000003,11.337814285714288,1.955,5.7993934965290475,0.1239017962624848,9.093285714285742,23.476718538569102,3.835,True,2.35,2.45,25.61684285714286,0.10967380778184238,0.8317348074608909,1,1,1,1,21,True,
KLC_Densus_45g,DataLog_2.csv,KLC_Densus_45g/DataLog_2.csv,c6e28c8bf25739cf9df5c33c1b89ea9cad8af85f5550670a6d3a3521f545d513,ba43a87e5c2e2ed87e43a42be3aef9df74a0e7f6,acq_sha256:c6e28c8bf25739cf9df5c33c1b89ea9cad8af85f5550670a6d3a3521f545d513,61984,False,pass,,False,,,True,False,True,intake-qc-v1.4 canonical retention authority,True,intake-qc-v1.4,test-imp 1.1.4,2,canonical_retention_authority,accepted,True,True,True,retained,retained,False,,,,,,46.71234285714286,1.27,35.60131428571429,3.27,23.786065720164505,3.825,154.74717025000015,50.26953175000003,11.11102857142857,2.0,5.555514285714285,0.11893032860082252,8.697428571428532,21.57316378200323,3.825,True,2.315,2.415,27.276085714285717,0.11773849829351535,0.8384953548866594,1,1,1,1,21,True,
KLC_Densus_55g,DataLog_1.csv,KLC_Densus_55g/DataLog_1.csv,c1d049c9df75fb227de50df50e27999ccb5a534574e4045d501562e59f3ec014,f443985fcdd1dd0e8d38e414139ebd287f215920,acq_sha256:c1d049c9df75fb227de50df50e27999ccb5a534574e4045d501562e59f3ec014,59869,False,pass_with_offset_note,baseline_zero_offset,False,,,True,False,True,intake-qc-v1.4 canonical retention authority,True,intake-qc-v1.4,test-imp 1.1.4,2,canonical_retention_authority,accepted,True,True,True,retained,retained,False,,,,,,52.46154285714285,1.425,39.5985,3.065,24.51899459413534,3.785,171.14664675000006,63.24347674999999,12.863042857142851,1.64,7.843318815331007,0.14950606459838622,14.92585714285724,28.480951365065778,3.785,True,2.6149999999999998,2.715,25.431585714285713,0.11203224720228114,0.8712753440044926,1,1,1,1,21,True,
KLC_Densus_55g,DataLog_2.csv,KLC_Densus_55g/DataLog_2.csv,7527a775f3603f2108122eb33bd99df0f91ea2043d425c8a2686e07d8aa633e2,72ba6ec15bc8d879fb25d5b9af4ca32a80feccc6,acq_sha256:7527a775f3603f2108122eb33bd99df0f91ea2043d425c8a2686e07d8aa633e2,61556,False,review,force_spikes;baseline_zero_offset,False,,,True,False,True,intake-qc-v1.4 canonical retention authority,True,intake-qc-v1.4,test-imp 1.1.4,2,canonical_retention_authority,accepted,True,True,True,retained,retained,False,,,,,,52.21488571428571,1.47,39.788157142857145,3.08,23.79920668490265,3.785,170.57339100000004,65.04183324999998,12.426728571428562,1.61,7.7184649511978645,0.14782115953355682,14.512285714285795,28.472725041531238,3.785,True,2.495,2.595,25.040714285714284,0.1123018501855809,0.8758163051998951,1,1,1,1,21,True,
NiZ_Black_65g,NiZ_65g-DataLog_2.csv,NiZ_Black_65g/NiZ_65g-DataLog_2.csv,d6ef05f6f66d281d0f36d30f6b013b2a27466e2009575131515593796075371e,06fccee10cf3a215d82a7a82e1a242db4345e93d,acq_sha256:d6ef05f6f66d281d0f36d30f6b013b2a27466e2009575131515593796075371e,61166,False,pass,,False,,,True,False,True,intake-qc-v1.4 canonical retention authority,True,intake-qc-v1.4,test-imp 1.1.4,2,canonical_retention_authority,accepted,True,True,True,retained,retained,False,,,,,,75.72957142857142,1.685,66.77214285714285,3.15,11.82817808480174,3.875,246.99630425000004,93.230494,8.957428571428565,1.4649999999999999,6.11428571428571,0.08073841696110404,11.932714285714212,56.48222966283249,3.875,True,1.885,1.985,14.873057142857144,0.16276558797948595,1.0247218478367024,1,1,1,1,21,True,
NiZ_Black_65g,NiZ_65g-DataLog_3.csv,NiZ_Black_65g/NiZ_65g-DataLog_3.csv,ecf00c20f83e3ace8ba2ecd0990f2715918a7adfb2316013722713de511c14be,62f897ec5d295eee35094635a13a5564f1c589a3,acq_sha256:ecf00c20f83e3ace8ba2ecd0990f2715918a7adfb2316013722713de511c14be,62829,False,pass,,False,,,True,False,True,intake-qc-v1.4 canonical retention authority,True,intake-qc-v1.4,test-imp 1.1.4,2,canonical_retention_authority,accepted,True,True,True,retained,retained,False,,,,,,75.55944285714286,1.675,64.76935714285715,3.185,14.280261084886614,3.94,248.9993499999997,91.58170874999995,10.79008571428571,1.51,7.145752128666032,0.09457126546282525,10.856714285714304,54.86278885391976,3.94,True,2.315,2.415,14.73437142857143,0.16455215924641192,1.0514931653338293,1,1,1,1,21,True,
NiZ_Purple_60g,DataLog_1.csv,NiZ_Purple_60g/DataLog_1.csv,eab731e1c25b9d6ae234960c6425892b39ebe658674682b8cebc3777f1220984,42c7d5ba0b2d41e76bf84e0bd3029ad1ba39d584,acq_sha256:eab731e1c25b9d6ae234960c6425892b39ebe658674682b8cebc3777f1220984,59382,False,pass,,False,,,True,False,True,intake-qc-v1.4 canonical retention authority,True,intake-qc-v1.4,test-imp 1.1.4,2,canonical_retention_authority,accepted,True,True,True,retained,retained,False,,,,,,62.477085714285714,1.465,55.704457142857144,2.885,10.840180034005607,3.845,205.2903999999999,65.42667424999999,6.772628571428569,1.4199999999999997,4.7694567404426556,0.07633929601412401,7.803142857142831,52.50866687246487,3.845,True,1.8399999999999999,1.94,11.687514285714286,0.1720339796235148,0.945842563291139,1,1,1,1,21,True,
NiZ_Purple_60g,DataLog_2.csv,NiZ_Purple_60g/DataLog_2.csv,82cf82f84a3bf9226e67fbc87345d64ee4da2367f8d3866220b804568b38bffa,418706644ae6a991d303b90701fd315be0fad4ea,acq_sha256:82cf82f84a3bf9226e67fbc87345d64ee4da2367f8d3866220b804568b38bffa,61028,False,pass,,False,,,True,False,True,intake-qc-v1.4 canonical retention authority,True,intake-qc-v1.4,test-imp 1.1.4,2,canonical_retention_authority,accepted,True,True,True,retained,retained,False,,,,,,62.57624285714286,1.48,55.919114285714286,2.88,10.638428047887642,3.85,206.19583874999984,66.53256900000001,6.657128571428572,1.4,4.755091836734695,0.075988771770626,7.7347142857142615,53.07846109189953,3.85,True,1.975,2.075,11.730885714285716,0.17349686048623544,0.9398394574175819,1,1,1,1,21,True,
NiZ_Purple_60g,DataLog_3.csv,NiZ_Purple_60g/DataLog_3.csv,842d16a868e8df394899ee3f75666bdfd799769c65be5de95b18bc5e0ed071bd,3de1c4a7a6bcbeef204d5071c4fd947f19d0614a,acq_sha256:842d16a868e8df394899ee3f75666bdfd799769c65be5de95b18bc5e0ed071bd,60951,False,pass,,False,,,True,False,True,intake-qc-v1.4 canonical retention authority,True,intake-qc-v1.4,test-imp 1.1.4,2,canonical_retention_authority,accepted,True,True,True,retained,retained,False,,,,,,62.10872857142857,1.42,55.700471428571426,2.85,10.31780442178475,3.835,204.4809235,62.61739699999999,6.4082571428571455,1.4300000000000002,4.4812987012987024,0.07215247847401922,7.943571428571374,51.98464229984837,3.835,True,2.08,2.18,12.138814285714286,0.17177888945898184,0.9407739168362893,1,1,1,1,21,True,
Sony_BKE_Brown_01,DataLog_2.csv,Sony_BKE_Brown_01/DataLog_2.csv,71ca1ad9346278e6f8a99211ea9a2d69a732893e1a14e629cdc3fd0d5e845d39,7fd996b3b1539aff3f5609fa0d54317655fd407a,acq_sha256:71ca1ad9346278e6f8a99211ea9a2d69a732893e1a14e629cdc3fd0d5e845d39,60003,False,pass,,False,,,True,False,True,intake-qc-v1.4 canonical retention authority,True,intake-qc-v1.4,test-imp 1.1.4,2,canonical_retention_authority,accepted,True,True,True,retained,retained,False,,,,,,52.50318571428571,1.01,24.06877142857143,2.935,54.15750282363818,3.485,131.30151750000005,42.809270749999996,28.434414285714283,1.925,14.77112430426716,0.2813376770059126,24.043857142857163,36.347087489034855,3.485,True,2.08,2.18,27.316214285714288,0.13635716793960148,0.6907228278823917,1,1,1,1,21,True,
Sony_BKE_Brown_01,DataLog_3.csv,Sony_BKE_Brown_01/DataLog_3.csv,9615241dbf250a9934d2da0c516077ec0dc33d577c79f74afbe36b010c6a3f4f,cd180514e64d7197cf41f591be4ede9ee8b3c918,acq_sha256:9615241dbf250a9934d2da0c516077ec0dc33d577c79f74afbe36b010c6a3f4f,60028,False,pass,,False,,,True,False,True,intake-qc-v1.4 canonical retention authority,True,intake-qc-v1.4,test-imp 1.1.4,2,canonical_retention_authority,accepted,True,True,True,retained,retained,False,,,,,,52.07737142857143,1.02,23.883357142857143,2.935,54.13870460874699,3.49,130.27711874999997,42.736717499999976,28.19401428571429,1.915,14.722722864602762,0.28270864025455344,23.80342857142857,36.50638052662163,3.49,True,2.0,2.1,26.689414285714285,0.1386973847243119,0.6950485053037608,1,1,1,1,21,True,
Sony_BKE_Brown_02,DataLog_1.csv,Sony_BKE_Brown_02/DataLog_1.csv,de3eb8d14d16a1a229e6ecc4d9988b4b96bb5e6f83ed71597225e2da26614620,0e735ecffd47f7318021d2936c16245a45849a77,acq_sha256:de3eb8d14d16a1a229e6ecc4d9988b4b96bb5e6f83ed71597225e2da26614620,60963,False,pass,,False,,,True,False,True,intake-qc-v1.4 canonical retention authority,True,intake-qc-v1.4,test-imp 1.1.4,2,canonical_retention_authority,accepted,True,True,True,retained,retained,False,,,,,,55.568714285714286,1.015,23.2431,3.055,58.17232718307578,3.495,136.34310249999984,44.43725549999999,32.32561428571429,2.04,15.845889355742298,0.2851584665837048,26.714999999999947,42.65042545947948,3.495,True,2.085,2.185,24.716299999999997,0.11648088039551244,0.6951839334757397,1,1,1,1,21,True,
Sony_BKE_Brown_02,DataLog_2.csv,Sony_BKE_Brown_02/DataLog_2.csv,0288411ad21eafd28c26717e887f43bc1dd0d59ab410cdca82663925383736d2,208e7d9a243acb574660806e9c3e354559fb8601,acq_sha256:0288411ad21eafd28c26717e887f43bc1dd0d59ab410cdca82663925383736d2,60916,False,pass,,False,,,True,False,True,intake-qc-v1.4 canonical retention authority,True,intake-qc-v1.4,test-imp 1.1.4,2,canonical_retention_authority,accepted,True,True,True,retained,retained,False,,,,,,54.999585714285715,1.055,23.353957142857144,3.055,57.53793989617064,3.49,135.17598550000002,45.95908324999996,31.64562857142857,2.0,15.822814285714285,0.2876896994808532,26.843857142857175,41.093783452402164,3.49,True,2.07,2.17,24.769571428571428,0.11851429536645211,0.7070220791917873,1,1,1,1,21,True,
Sony_BKE_Brown_02,DataLog_3.csv,Sony_BKE_Brown_02/DataLog_3.csv,c388a634f8de8dfe226d3d46b74be9da63a7ea380c0d89c99f5f4dc9a41313ad,950b1e621b3db24fc5e02415545f570f07e6d814,acq_sha256:c388a634f8de8dfe226d3d46b74be9da63a7ea380c0d89c99f5f4dc9a41313ad,60906,False,pass,,False,,,True,False,True,intake-qc-v1.4 canonical retention authority,True,intake-qc-v1.4,test-imp 1.1.4,2,canonical_retention_authority,accepted,True,True,True,retained,retained,False,,,,,,54.62817142857143,1.075,23.202642857142855,3.06,57.52623188663516,3.495,134.32860174999993,46.53234050000001,31.425528571428572,1.985,15.831500539762503,0.28980469464299824,26.773571428571543,41.27186489876242,3.495,True,2.1,2.2,24.07637142857143,0.1175282328177908,0.7097340868530636,1,1,1,1,21,True,
Sony_BKE_Brown_03,DataLog_1.csv,Sony_BKE_Brown_03/DataLog_1.csv,fca29cdfdb77bfdcb135ed5a51a02ee3636c2f67d71bad3459b54903fd7aac43,2658070a46d74a015bd6ca9ab6d6ccbefc45df69,acq_sha256:fca29cdfdb77bfdcb135ed5a51a02ee3636c2f67d71bad3459b54903fd7aac43,60133,False,pass_with_offset_note,baseline_zero_offset,False,,,True,False,True,intake-qc-v1.4 canonical retention authority,True,intake-qc-v1.4,test-imp 1.1.4,2,canonical_retention_authority,accepted,True,True,True,retained,retained,False,,,,,,44.872014285714286,1.105,24.961000000000002,2.765,44.37290057659228,3.44,116.33725874999996,39.73617875000002,19.911014285714284,1.6600000000000001,11.99458691910499,0.2673066299794715,18.785142857142887,31.73395527435402,3.44,True,1.92,2.02,21.400914285714286,0.13880449171382384,0.7305012984202556,1,1,1,1,21,True,
Sony_BKE_Brown_03,DataLog_2.csv,Sony_BKE_Brown_03/DataLog_2.csv,4c5064eebfa85f8a979110b39359af261e18961b6ddd3110f258bb418335f8dd,716494766a584612510eb624098d6f41d2b693f5,acq_sha256:4c5064eebfa85f8a979110b39359af261e18961b6ddd3110f258bb418335f8dd,60273,False,pass,,False,,,True,False,True,intake-qc-v1.4 canonical retention authority,True,intake-qc-v1.4,test-imp 1.1.4,2,canonical_retention_authority,accepted,True,True,True,retained,retained,False,,,,,,44.54892857142857,1.1,24.992728571428568,2.815,43.898249917827115,3.45,115.80892824999995,38.89272224999999,19.5562,1.7149999999999999,11.403032069970847,0.2559664718240648,18.074000000000012,32.688150009847604,3.45,True,1.9,2.0,20.408600000000003,0.13922616560630527,0.730029342027267,1,1,1,1,21,True,
Sony_BKE_Brown_03,DataLog_3.csv,Sony_BKE_Brown_03/DataLog_3.csv,747bc1320fe125d35add6cc04e00bd8ad25775099c2d82414b1ed6dccc6cbd97,e766775b36c3876a2e48fa22c52001997109ee1f,acq_sha256:747bc1320fe125d35add6cc04e00bd8ad25775099c2d82414b1ed6dccc6cbd97,60344,False,pass_with_offset_note,baseline_zero_offset,False,,,True,False,True,intake-qc-v1.4 canonical retention authority,True,intake-qc-v1.4,test-imp 1.1.4,2,canonical_retention_authority,accepted,True,True,True,retained,retained,False,,,,,,44.18344285714286,1.065,24.888585714285714,2.815,43.66988151023606,3.455,115.20887824999994,36.917910249999984,19.294857142857143,1.75,11.025632653061225,0.24954218005849174,17.878428571428557,32.41544213561265,3.455,True,1.9299999999999997,2.03,20.058585714285716,0.13927202367402694,0.7346637395587915,1,1,1,1,21,True,
Sony_BKE_Gray_01,DataLog_1.csv,Sony_BKE_Gray_01/DataLog_1.csv,9474c859ce38173f86d367f523df4e55be790c85f333ec43e2487544807a3a0e,3cc879454462ec43f73246be06a9a6a08b374e59,acq_sha256:9474c859ce38173f86d367f523df4e55be790c85f333ec43e2487544807a3a0e,52603,False,pass,,False,,,True,False,True,intake-qc-v1.4 canonical retention authority,True,intake-qc-v1.4,test-imp 1.1.4,2,canonical_retention_authority,accepted,True,True,True,retained,retained,False,,,,,,68.46847142857142,1.1,27.76644285714286,3.02,59.44638126453613,3.24,159.03335174999998,60.93685225000003,40.702028571428556,1.92,21.198973214285708,0.3096165690861257,36.08071428571435,50.99694769262582,3.24,True,2.045,2.145,30.460214285714283,0.1393898686758144,0.7356335085413924,1,1,1,1,21,True,
Sony_BKE_Gray_01,DataLog_2.csv,Sony_BKE_Gray_01/DataLog_2.csv,a5c9be27b38e35ee8c94ed5b772bf48b45388caaf58abbe20b8e0e42eafb2427,7b74f09a134524aac39d66416e91a6eaabf7091b,acq_sha256:a5c9be27b38e35ee8c94ed5b772bf48b45388caaf58abbe20b8e0e42eafb2427,54035,False,pass,,False,,,True,False,True,intake-qc-v1.4 canonical retention authority,True,intake-qc-v1.4,test-imp 1.1.4,2,canonical_retention_authority,accepted,True,True,True,retained,retained,False,,,,,,67.85855714285715,1.12,28.160528571428568,3.02,58.50113860784797,3.24,158.20240950000021,61.381536749999995,39.69802857142858,1.9,20.893699248120306,0.30790072951498937,34.290285714285815,51.287003402946624,3.24,True,1.9899999999999998,2.09,29.133871428571428,0.1336548942789653,0.7377016608258422,1,1,1,1,21,True,
Sony_BKE_Gray_01,DataLog_3.csv,Sony_BKE_Gray_01/DataLog_3.csv,2a4242d93ba45decbb110ab8d2a5992f8f4fbe47067dca9df983ddd67503a16b,fa13ea9578b1c6ecab5e51e8444dc789133a9c95,acq_sha256:2a4242d93ba45decbb110ab8d2a5992f8f4fbe47067dca9df983ddd67503a16b,54004,False,pass,,False,,,True,False,True,intake-qc-v1.4 canonical retention authority,True,intake-qc-v1.4,test-imp 1.1.4,2,canonical_retention_authority,accepted,True,True,True,retained,retained,False,,,,,,67.16687142857143,1.1,28.126628571428572,3.01,58.12425385729062,3.24,156.86122249999983,59.322974499999994,39.04024285714286,1.9099999999999997,20.43991772625281,0.3043154652214169,33.89299999999999,51.023087755070556,3.24,True,2.02,2.12,28.519828571428572,0.13248361323321006,0.7384374205396242,1,1,1,1,21,True,
Sony_BKE_Gray_02,DataLog_1.csv,Sony_BKE_Gray_02/DataLog_1.csv,23ce8493d0fec41e2621687063ebcd6c462d5c1111e27d6edf9871a6c1e649ee,3725c46fb53071d0b91ddadad93add1a1d8704d3,acq_sha256:23ce8493d0fec41e2621687063ebcd6c462d5c1111e27d6edf9871a6c1e649ee,53393,False,pass,,False,,,True,False,True,intake-qc-v1.4 canonical retention authority,True,intake-qc-v1.4,test-imp 1.1.4,2,canonical_retention_authority,accepted,True,True,True,retained,retained,False,,,,,,67.66557142857143,1.12,27.128657142857143,3.165,59.90773953413743,3.23,160.40943849999994,59.95224600000003,40.53691428571428,2.045,19.822451973454417,0.2929473815850241,32.154714285714334,48.09931443174993,3.23,True,2.105,2.205,29.998085714285715,0.12633414959389017,0.7528293279022402,1,1,1,1,21,True,
Sony_BKE_Gray_02,DataLog_2.csv,Sony_BKE_Gray_02/DataLog_2.csv,50de7fc59bc8c4967d9f3daba37ff1eb3576d75f556255f6c3f5fd4d521a0dd9,ac683e5f48ef18db7342447bd60542090ba8c72a,acq_sha256:50de7fc59bc8c4967d9f3daba37ff1eb3576d75f556255f6c3f5fd4d521a0dd9,54751,False,pass,,False,,,True,False,True,intake-qc-v1.4 canonical retention authority,True,intake-qc-v1.4,test-imp 1.1.4,2,canonical_retention_authority,accepted,True,True,True,retained,retained,False,,,,,,67.45132857142858,1.13,27.013414285714283,3.16,59.95124950413982,3.22,158.98667200000014,60.27460574999998,40.43791428571429,2.0300000000000002,19.92015482054891,0.29532635223714193,31.902000000000044,47.4661809505224,3.22,True,2.13,2.23,30.12537142857143,0.12922252234958598,0.7583181250780182,1,1,1,1,21,True,
Sony_BKE_Gray_02,DataLog_3.csv,Sony_BKE_Gray_02/DataLog_3.csv,188e84ac8ef55fc923eea861339efecf9126f060a0134b013496e89110674851,4feece9a49c9250c6fecab105a4d1312c1f5c80e,acq_sha256:188e84ac8ef55fc923eea861339efecf9126f060a0134b013496e89110674851,54777,False,pass,,False,,,True,False,True,intake-qc-v1.4 canonical retention authority,True,intake-qc-v1.4,test-imp 1.1.4,2,canonical_retention_authority,accepted,True,True,True,retained,retained,False,,,,,,67.4813,1.125,27.098242857142857,3.16,59.843330141620186,3.215,159.00511924999998,59.898616499999974,40.38305714285715,2.035,19.844254124254125,0.29407041838633996,31.655000000000157,47.480671981423264,3.215,True,2.0549999999999997,2.155,30.039628571428572,0.13069461294547466,0.7615478821362802,1,1,1,1,21,True,
Topre_GX1_45g,DataLog_1.csv,Topre_GX1_45g/DataLog_1.csv,d226fe3d8a2ca32871312b0714c9942d56dfdb2be77e1705f99d58449dedd87f,815660f3f237a1549f0b40f3cb75f7e87db55929,acq_sha256:d226fe3d8a2ca32871312b0714c9942d56dfdb2be77e1705f99d58449dedd87f,63805,False,pass,,False,,,True,False,True,intake-qc-v1.4 canonical retention authority,True,intake-qc-v1.4,test-imp 1.1.4,2,canonical_retention_authority,accepted,True,True,True,retained,retained,False,,,,,,51.699714285714286,1.195,44.222542857142855,2.75,14.46269390822829,3.995,183.23711774999998,49.532764000000014,7.477171428571431,1.555,4.80847037207166,0.09300767786641988,7.652571428571449,37.88127216715883,3.995,True,1.9099999999999997,2.01,22.3635,0.13874380810852,0.7582840211459758,1,1,1,1,21,True,
Topre_GX1_45g,DataLog_2.csv,Topre_GX1_45g/DataLog_2.csv,a097955113411869be46b55fe39758ee8d5ea912939e4c3de7122ed7dd21ff39,05fc75efdb10f13c1883f78187a30b2ff94d4bd1,acq_sha256:a097955113411869be46b55fe39758ee8d5ea912939e4c3de7122ed7dd21ff39,63802,False,pass_with_offset_note,baseline_zero_offset,False,,,True,False,True,intake-qc-v1.4 canonical retention authority,True,intake-qc-v1.4,test-imp 1.1.4,2,canonical_retention_authority,accepted,True,True,True,retained,retained,False,,,,,,51.45561428571428,1.2,44.14518571428572,2.745,14.207251575768623,4.0,182.75806425,49.32046725000001,7.310428571428567,1.5450000000000002,4.731668978270917,0.0919563208787613,7.32842857142856,37.67469107750261,4.0,True,1.9299999999999997,2.03,21.84465714285714,0.13952988638551897,0.7683012189905906,1,1,1,1,21,True,
Topre_HHKB_Pro2_45g,Topre_Slider_Black-DataLog_0.csv,Topre_HHKB_Pro2_45g/Topre_Slider_Black-DataLog_0.csv,e3750bb2d88d0e4fbf1ce8643891a0395e73084b0a895f7da5d4f773a017fc98,0b3554da733e259b6904e324b873c841433e824e,acq_sha256:e3750bb2d88d0e4fbf1ce8643891a0395e73084b0a895f7da5d4f773a017fc98,61267,False,pass,,False,,,True,False,True,intake-qc-v1.4 canonical retention authority,True,intake-qc-v1.4,test-imp 1.1.4,2,canonical_retention_authority,accepted,True,True,True,retained,retained,False,,,,,,62.83915714285714,1.115,46.27854285714285,3.27,26.353972648082717,3.955,205.06300349999995,55.640865500000004,16.560614285714287,2.1550000000000002,7.684739807756049,0.12229221646442094,12.796285714285816,45.43928479841204,3.955,True,2.0749999999999997,2.175,27.703328571428575,0.13605230019616532,0.7546505677931316,1,1,1,1,21,True,
Topre_HHKB_Pro2_45g,Topre_Slider_Black-DataLog_1.csv,Topre_HHKB_Pro2_45g/Topre_Slider_Black-DataLog_1.csv,295b17b213b625945f5195f65040d9c2d9d62a60d5c43fda39b8a083a5a5ff70,264df1c5112c59e4e90f5fd4debc5aab5dbd7cfe,acq_sha256:295b17b213b625945f5195f65040d9c2d9d62a60d5c43fda39b8a083a5a5ff70,61092,False,pass,,False,,,True,False,True,intake-qc-v1.4 canonical retention authority,True,intake-qc-v1.4,test-imp 1.1.4,2,canonical_retention_authority,accepted,True,True,True,retained,retained,False,,,,,,62.6748,1.14,46.062400000000004,3.22,26.505708833534364,3.945,203.98201500000008,57.33134925000002,16.612399999999994,2.08,7.986730769230766,0.12743129246891519,13.060142857142907,45.613368893773,3.945,True,1.935,2.035,28.141814285714286,0.13523276536130843,0.7408970528592671,1,1,1,1,21,True,
Topre_HHKB_Pro2_45g,Topre_Slider_Black-DataLog_2.csv,Topre_HHKB_Pro2_45g/Topre_Slider_Black-DataLog_2.csv,e45f432a6e3929ecce4b0d6a31140e865ec3f08e563b76239329d1ab1eeeece3,b7e8414ba3b7f425f47c1984c0b9e43b6cf36cd3,acq_sha256:e45f432a6e3929ecce4b0d6a31140e865ec3f08e563b76239329d1ab1eeeece3,64638,False,pass,,False,,,True,False,True,intake-qc-v1.4 canonical retention authority,True,intake-qc-v1.4,test-imp 1.1.4,2,canonical_retention_authority,accepted,True,True,True,retained,retained,False,,,,,,63.10455714285714,1.145,46.18265714285714,3.23,26.815654472769573,3.94,204.88212649999994,58.244901250000005,16.9219,2.085,8.116019184652279,0.1286122516679596,13.052428571428507,45.23509678573989,3.94,True,1.9449999999999998,2.045,28.639000000000003,0.13519431187734898,0.744730881344307,1,1,1,1,21,True,
Topre_HHKB_Pro2_45g,Topre_Slider_Black-DataLog_3.csv,Topre_HHKB_Pro2_45g/Topre_Slider_Black-DataLog_3.csv,3d1c5946158643afce7c4eeae8ec626878126bf8397174a4e2a596b30fbd063d,cb47df2b70d3f546667508c2b4630cf63caea59d,acq_sha256:3d1c5946158643afce7c4eeae8ec626878126bf8397174a4e2a596b30fbd063d,64601,False,pass,,False,,,True,False,True,intake-qc-v1.4 canonical retention authority,True,intake-qc-v1.4,test-imp 1.1.4,2,canonical_retention_authority,accepted,True,True,True,retained,retained,False,,,,,,62.905899999999995,1.13,46.13247142857143,3.195,26.664316974128926,3.94,204.28928675,56.88678399999997,16.773428571428568,2.065,8.122725700449669,0.1291250216664839,12.967142857142804,45.38898301578886,3.94,True,1.975,2.075,28.115285714285715,0.13511623368885184,0.7483155075939251,1,1,1,1,21,True,
Topre_R1_30g,DataLog_1.csv,Topre_R1_30g/DataLog_1.csv,ede83daced09b8dd9093e56acd34075cfa6a7875777e78ec82e2b8fb10535774,04f563c058581f0d482807bfe7b0e37ed37dc164,acq_sha256:ede83daced09b8dd9093e56acd34075cfa6a7875777e78ec82e2b8fb10535774,59867,False,pass,,False,,,True,False,True,intake-qc-v1.4 canonical retention authority,True,intake-qc-v1.4,test-imp 1.1.4,2,canonical_retention_authority,accepted,True,True,True,retained,retained,False,,,,,,34.49541428571429,0.81,28.973785714285718,2.21,16.006848115215313,3.89,130.07164525,23.448528750000005,5.521628571428572,1.4,3.944020408163266,0.1143346293943951,7.195000000000036,27.77385651082965,3.89,True,1.1649999999999998,1.265,20.46742857142857,0.11386608898164113,0.5179291173570025,1,1,1,1,21,True,
Topre_R1_30g,DataLog_2.csv,Topre_R1_30g/DataLog_2.csv,190f26fac084012d7c6abdf491cc62cda389b644eee62c18d39882082d67601d,0d3bc1f625ea21f4fbd8fcede64c10de08b7a91e,acq_sha256:190f26fac084012d7c6abdf491cc62cda389b644eee62c18d39882082d67601d,61666,False,pass,,False,,,True,False,True,intake-qc-v1.4 canonical retention authority,True,intake-qc-v1.4,test-imp 1.1.4,2,canonical_retention_authority,accepted,True,True,True,retained,retained,False,,,,,,34.21554285714286,0.79,28.634657142857144,2.155,16.31096644465673,3.895,129.51679200000004,22.48671100000001,5.580885714285714,1.3649999999999998,4.088560962846677,0.11949425966781488,7.194571428571379,27.846999398708064,3.895,True,1.13,1.23,20.168971428571428,0.1150911603270257,0.5186268153526974,1,1,1,1,21,True,
Topre_R1_30g,DataLog_3.csv,Topre_R1_30g/DataLog_3.csv,6a59045d2e04f092bed1048718c60f6ca526bfc85bf9d0db47b62eab6043450f,d1734c2a6c5324edb7f128cbb29a5dac344376d6,acq_sha256:6a59045d2e04f092bed1048718c60f6ca526bfc85bf9d0db47b62eab6043450f,61608,False,pass,,False,,,True,False,True,intake-qc-v1.4 canonical retention authority,True,intake-qc-v1.4,test-imp 1.1.4,2,canonical_retention_authority,accepted,True,True,True,retained,retained,False,,,,,,33.86651428571429,0.76,28.427842857142856,2.025,16.059141435956974,3.89,128.36848575000002,21.214257749999998,5.438671428571432,1.265,4.299345002823267,0.12694973467159668,7.054857142857145,27.775904730473684,3.89,True,1.115,1.215,19.901857142857143,0.11526184140500263,0.517471087969307,1,1,1,1,21,True,
Topre_R1_45g,DataLog_1.csv,Topre_R1_45g/DataLog_1.csv,586cd3368a282056a8f183eea8220bd936bcbfd4ddd437aab32d7617b0664939,c9914f71745b3f1b7b3ac688aba60c4c1e55373e,acq_sha256:586cd3368a282056a8f183eea8220bd936bcbfd4ddd437aab32d7617b0664939,60573,False,pass_with_offset_note,baseline_zero_offset,False,,,True,False,True,intake-qc-v1.4 canonical retention authority,True,intake-qc-v1.4,test-imp 1.1.4,2,canonical_retention_authority,accepted,True,True,True,retained,retained,False,,,,,,51.72982857142857,1.295,41.996785714285714,2.925,18.81514616601419,3.89,169.61177074999978,50.338553749999996,9.733042857142856,1.63,5.9711919368974575,0.11543034457677419,9.97314285714289,43.240072186248774,3.89,True,2.0,2.1,14.873085714285716,0.14718995211615693,0.8290896991543046,1,1,1,1,21,True,
Topre_R1_45g,DataLog_2.csv,Topre_R1_45g/DataLog_2.csv,088591ebfbd92f670ac2b17e547f857cf0aadaeaaff7b3b1512d6cd7175c0d3d,9bee6e7024fbda13b02d319e73135e4c441396c4,acq_sha256:088591ebfbd92f670ac2b17e547f857cf0aadaeaaff7b3b1512d6cd7175c0d3d,62229,False,review,force_spikes,False,,,True,False,True,intake-qc-v1.4 canonical retention authority,True,intake-qc-v1.4,test-imp 1.1.4,2,canonical_retention_authority,accepted,True,True,True,retained,retained,False,,,,,,51.757600000000004,1.29,42.180528571428574,2.98,18.50370076775474,3.91,170.87169750000024,50.05415425000002,9.57707142857143,1.69,5.666906170752325,0.10948935365535352,9.438999999999922,43.52855288730937,3.91,True,1.9049999999999998,2.005,14.789614285714284,0.14733897968755635,0.8267640147442791,1,1,1,1,21,True,
Topre_R1_45g,DataLog_3.csv,Topre_R1_45g/DataLog_3.csv,cf084ec0986ebfeafc56a79e5d0772533d9a6e7670eff2b7362c0fcc61ac28d7,e2a16a6a8de32e48f8a729d33fd3a19d73885e05,acq_sha256:cf084ec0986ebfeafc56a79e5d0772533d9a6e7670eff2b7362c0fcc61ac28d7,62187,False,pass_with_offset_note,baseline_zero_offset,False,,,True,False,True,intake-qc-v1.4 canonical retention authority,True,intake-qc-v1.4,test-imp 1.1.4,2,canonical_retention_authority,accepted,True,True,True,retained,retained,False,,,,,,51.51867142857143,1.27,42.130271428571426,3.02,18.223296020000525,3.905,170.01056375000013,48.63546775,9.388400000000004,1.75,5.3648000000000025,0.10413312011428871,9.729571428571404,43.28570048513636,3.905,True,2.015,2.115,14.438728571428571,0.14701473409839627,0.8323208271787297,1,1,1,1,21,True,
Topre_R1_45g,DataLog_4.csv,Topre_R1_45g/DataLog_4.csv,20f3a62fd41587127cb7eeb37a4f6185dc509f4bf97a4db8b6e14d17fc41dc16,2d038580e5002195c756f2a428be2aec6cbc00af,acq_sha256:20f3a62fd41587127cb7eeb37a4f6185dc509f4bf97a4db8b6e14d17fc41dc16,62368,False,pass,,False,,,True,False,True,intake-qc-v1.4 canonical retention authority,True,intake-qc-v1.4,test-imp 1.1.4,2,canonical_retention_authority,accepted,True,True,True,retained,retained,False,,,,,,51.49901428571429,1.255,42.082457142857145,2.98,18.28492695144512,3.905,170.11852749999997,47.96210524999999,9.416557142857144,1.725,5.458873706004141,0.10599957653011663,9.206285714285656,43.224583619445106,3.905,True,1.975,2.075,14.620914285714287,0.1469817263989271,0.8295210947302383,1,1,1,1,21,True,
Topre_R1_55g,DataLog_1.csv,Topre_R1_55g/DataLog_1.csv,551bed892474dd559fe0e2b6f98cc7d52bc3abce64661e6d5dfed90ba6708a78,b68ac5f243cab66c864a83e98cfc3034040957a5,acq_sha256:551bed892474dd559fe0e2b6f98cc7d52bc3abce64661e6d5dfed90ba6708a78,62204,False,pass,,False,,,True,False,True,intake-qc-v1.4 canonical retention authority,True,intake-qc-v1.4,test-imp 1.1.4,2,canonical_retention_authority,accepted,True,True,True,retained,retained,False,,,,,,74.52582857142856,1.26,54.97962857142857,3.485,26.227417225245773,3.945,238.9836552499999,70.76623075000002,19.546199999999992,2.2249999999999996,8.784808988764043,0.11787603247301474,14.501999999999953,60.92009207965239,3.945,True,2.08,2.18,22.598114285714285,0.14206522004740613,0.823977705902737,1,1,1,1,21,True,
Topre_R1_55g,DataLog_2.csv,Topre_R1_55g/DataLog_2.csv,6534b00924174e26fddd09a0ce51e3332e161692ab756708e712c13f6bf5c48e,18dca4df80eff372cbddcda6be6cee45a7d73c86,acq_sha256:6534b00924174e26fddd09a0ce51e3332e161692ab756708e712c13f6bf5c48e,62203,False,pass,,False,,,True,False,True,intake-qc-v1.4 canonical retention authority,True,intake-qc-v1.4,test-imp 1.1.4,2,canonical_retention_authority,accepted,True,True,True,retained,retained,False,,,,,,74.15444285714285,1.275,54.99495714285714,3.445,25.83727282692435,3.945,238.14763524999967,71.24935575,19.159485714285715,2.17,8.829256089532588,0.11906577339596476,14.235857142857071,60.84632783860661,3.945,True,1.94,2.04,22.00422857142857,0.1422420827321965,0.8279066562662504,1,1,1,1,21,True,
Topre_R2_30g,DataLog_1.csv,Topre_R2_30g/DataLog_1.csv,1c3b35fe92dedea9d63191df68d30cac21c4ef1b784e215c9567cda10c5f4556,0dd257f9e8670f6f2be3d68741a5dd7599e2a8dc,acq_sha256:1c3b35fe92dedea9d63191df68d30cac21c4ef1b784e215c9567cda10c5f4556,60144,False,pass,,False,,,True,False,True,intake-qc-v1.4 canonical retention authority,True,intake-qc-v1.4,test-imp 1.1.4,2,canonical_retention_authority,accepted,True,True,True,retained,retained,False,,,,,,35.57008571428572,0.81,29.84562857142857,2.125,16.09345894985595,3.945,135.11062549999997,23.594507500000002,5.724457142857148,1.315,4.353199348180341,0.12238371824985514,7.60542857142859,29.015719214326342,3.945,True,1.375,1.475,20.512085714285714,0.12596866511447422,0.541136730087069,1,1,1,1,21,True,
Topre_R2_30g,DataLog_2.csv,Topre_R2_30g/DataLog_2.csv,e9ed57343034f8ead40a83b152ebf10f0576a4d9739c4e65fefe1091a868b196,d1cf47bd7667967cdb697648f9dff1fe8a9cae20,acq_sha256:e9ed57343034f8ead40a83b152ebf10f0576a4d9739c4e65fefe1091a868b196,61917,False,pass_with_offset_note,baseline_zero_offset,False,,,True,False,True,intake-qc-v1.4 canonical retention authority,True,intake-qc-v1.4,test-imp 1.1.4,2,canonical_retention_authority,accepted,True,True,True,retained,retained,False,,,,,,34.8309,0.85,29.46522857142857,2.08,15.404917554732803,3.95,133.53820399999987,24.26193375,5.365671428571428,1.23,4.362334494773519,0.1252432321522992,7.036999999999978,29.439474040099054,3.95,True,1.275,1.375,19.286,0.12571924391814898,0.5481425515853044,1,1,1,1,21,True,
Topre_R2_30g,DataLog_3.csv,Topre_R2_30g/DataLog_3.csv,350fd9daa3d8ad587f9aaa8f5dff6b4c37bd37da36398ef578e825083bc48403,2c59aa75cfd88552f2389975d84467320fc2b7e9,acq_sha256:350fd9daa3d8ad587f9aaa8f5dff6b4c37bd37da36398ef578e825083bc48403,63619,False,pass_with_offset_note,baseline_zero_offset,False,,,True,False,True,intake-qc-v1.4 canonical retention authority,True,intake-qc-v1.4,test-imp 1.1.4,2,canonical_retention_authority,accepted,True,True,True,retained,retained,False,,,,,,34.66558571428571,0.83,29.382642857142855,2.11,15.23973343674315,3.95,133.11680249999992,23.41313774999999,5.2829428571428565,1.2799999999999998,4.127299107142857,0.11906041747455588,6.539857142857173,29.123543152470802,3.95,True,1.3199999999999998,1.42,19.193214285714284,0.12644857258554354,0.5514620085557139,1,1,1,1,21,True,
Topre_R2_45g,DataLog_1.csv,Topre_R2_45g/DataLog_1.csv,04820939952461911e988a5a66b421deae00570bf92e46eceed155e92b10df96,9d3603f60bfee143a143283d6ba5572566d06080,acq_sha256:04820939952461911e988a5a66b421deae00570bf92e46eceed155e92b10df96,64564,False,pass,,False,,,True,False,True,intake-qc-v1.4 canonical retention authority,True,intake-qc-v1.4,test-imp 1.1.4,2,canonical_retention_authority,accepted,True,True,True,retained,retained,False,,,,,,56.829,1.09,41.289671428571424,3.185,27.34401198583219,3.955,188.02862975000005,52.67334499999999,15.539328571428577,2.0949999999999998,7.41734060688715,0.1305203436077909,12.04042857142852,33.013029351038725,3.955,True,1.765,1.865,33.67142857142857,0.1352819514004823,0.6964560546874997,1,1,1,1,21,True,
Topre_R2_45g,DataLog_2.csv,Topre_R2_45g/DataLog_2.csv,be9b7e1bbb84d44fddb7650bbe80438f3da1cd0a49d00cfa14b1e403890d86a9,08378073eb7d0561da6ef84aa28fc22e465b1701,acq_sha256:be9b7e1bbb84d44fddb7650bbe80438f3da1cd0a49d00cfa14b1e403890d86a9,61221,False,pass,,False,,,True,False,True,intake-qc-v1.4 canonical retention authority,True,intake-qc-v1.4,test-imp 1.1.4,2,canonical_retention_authority,accepted,True,True,True,retained,retained,False,,,,,,56.54228571428571,1.09,41.09267142857143,3.215,27.32400024254919,3.96,187.14297075000016,52.25035475000003,15.449614285714283,2.125,7.270406722689074,0.12858353055317265,12.547714285714306,32.80497849259488,3.96,True,1.88,1.98,33.27892857142857,0.13512765518190578,0.7024405012636898,1,1,1,1,21,True,
Topre_R2_55g,DataLog_1.csv,Topre_R2_55g/DataLog_1.csv,86c2a556aa3fec78e8083e3c881801cc4cf58e4890b1b0f33e8d4e5601e52d9b,2a5cd766b2a199e4a85bea901550db850febab92,acq_sha256:86c2a556aa3fec78e8083e3c881801cc4cf58e4890b1b0f33e8d4e5601e52d9b,61114,False,pass,,False,,,True,False,True,intake-qc-v1.4 canonical retention authority,True,intake-qc-v1.4,test-imp 1.1.4,2,canonical_retention_authority,accepted,True,True,True,retained,retained,False,,,,,,57.09108571428572,1.16,42.22125714285715,3.35,26.045797492528227,3.935,185.01825699999995,52.36535999999995,14.86982857142857,2.1900000000000004,6.789876060013045,0.11893058215766311,12.20557142857146,41.39992833050478,3.935,True,1.935,2.035,24.576542857142858,0.13748617318435752,0.7657876059322034,1,1,1,1,21,True,
Topre_R2_55g,DataLog_2.csv,Topre_R2_55g/DataLog_2.csv,00270cfa54b997442fdcb7da2f2ce6ea165cdf43aea551333a564219203566fe,7b77be7479828453199604c7ab9bca564b620e47,acq_sha256:00270cfa54b997442fdcb7da2f2ce6ea165cdf43aea551333a564219203566fe,62818,False,pass_with_offset_note,baseline_zero_offset,False,,,True,False,True,intake-qc-v1.4 canonical retention authority,True,intake-qc-v1.4,test-imp 1.1.4,2,canonical_retention_authority,accepted,True,True,True,retained,retained,False,,,,,,57.34021428571429,1.215,42.40385714285714,3.3,26.048659442450646,3.935,185.5397367499999,55.28479750000004,14.936357142857148,2.085,7.163720452209663,0.12493361842901987,12.375142857142905,41.64451158443871,3.935,True,2.02,2.12,24.116285714285713,0.13826272050576122,0.7765015146683676,1,1,1,1,21,True,
Topre_RGB_45g,DataLog_1.csv,Topre_RGB_45g/DataLog_1.csv,18151dbe84a34b5d0eb7dbb0d9324027a882b8939036a2fb2bc76c3cb06c28bb,1408258bfed37237e075c41e3f495c102baa5890,acq_sha256:18151dbe84a34b5d0eb7dbb0d9324027a882b8939036a2fb2bc76c3cb06c28bb,62866,False,pass,,False,,,True,False,True,intake-qc-v1.4 canonical retention authority,True,intake-qc-v1.4,test-imp 1.1.4,2,canonical_retention_authority,accepted,True,True,True,retained,retained,False,,,,,,50.67815714285714,1.375,43.89512857142857,3.035,13.38452097282824,3.94,172.54963275000014,53.12149899999999,6.7830285714285665,1.6600000000000001,4.086161790017209,0.08062964441462794,7.282000000000011,40.0208293797138,3.94,True,1.935,2.035,14.306114285714285,0.14052416085905275,0.8675864116094985,1,1,1,1,21,True,
Topre_RGB_45g,DataLog_2.csv,Topre_RGB_45g/DataLog_2.csv,1f09d358c4b6b174c93d8f79ec3421123e32aa25ef3ffd324cf6bca22bbc166e,306761c04b3f1a64bc86182b1c79695ac49af676,acq_sha256:1f09d358c4b6b174c93d8f79ec3421123e32aa25ef3ffd324cf6bca22bbc166e,62905,False,pass,,False,,,True,False,True,intake-qc-v1.4 canonical retention authority,True,intake-qc-v1.4,test-imp 1.1.4,2,canonical_retention_authority,accepted,True,True,True,retained,retained,False,,,,,,50.53657142857143,1.42,43.88882857142857,2.99,13.154321057452034,3.94,172.28891474999992,55.07345324999998,6.647742857142859,1.5700000000000003,4.234231119199272,0.08378548444236962,7.283571428571491,40.220257458101734,3.94,True,2.065,2.165,13.911842857142858,0.1403809515552936,0.8688641763995165,1,1,1,1,21,True,
Topre_Slider_Black,Topre_Slider_Black-DataLog_0.csv,Topre_Slider_Black/Topre_Slider_Black-DataLog_0.csv,e3750bb2d88d0e4fbf1ce8643891a0395e73084b0a895f7da5d4f773a017fc98,0b3554da733e259b6904e324b873c841433e824e,acq_sha256:e3750bb2d88d0e4fbf1ce8643891a0395e73084b0a895f7da5d4f773a017fc98,61267,False,pass,,False,,,True,False,True,intake-qc-v1.4 canonical retention authority,True,intake-qc-v1.4,test-imp 1.1.4,2,canonical_retention_authority,accepted,True,True,True,retained,retained,False,,,,,,62.83915714285714,1.115,46.27854285714285,3.27,26.353972648082717,3.955,205.06300349999995,55.640865500000004,16.560614285714287,2.1550000000000002,7.684739807756049,0.12229221646442094,12.796285714285816,45.43928479841204,3.955,True,2.0749999999999997,2.175,27.703328571428575,0.13605230019616532,0.7546505677931316,1,1,1,1,21,True,
Topre_Slider_Black,Topre_Slider_Black-DataLog_1.csv,Topre_Slider_Black/Topre_Slider_Black-DataLog_1.csv,295b17b213b625945f5195f65040d9c2d9d62a60d5c43fda39b8a083a5a5ff70,264df1c5112c59e4e90f5fd4debc5aab5dbd7cfe,acq_sha256:295b17b213b625945f5195f65040d9c2d9d62a60d5c43fda39b8a083a5a5ff70,61092,False,pass,,False,,,True,False,True,intake-qc-v1.4 canonical retention authority,True,intake-qc-v1.4,test-imp 1.1.4,2,canonical_retention_authority,accepted,True,True,True,retained,retained,False,,,,,,62.6748,1.14,46.062400000000004,3.22,26.505708833534364,3.945,203.98201500000008,57.33134925000002,16.612399999999994,2.08,7.986730769230766,0.12743129246891519,13.060142857142907,45.613368893773,3.945,True,1.935,2.035,28.141814285714286,0.13523276536130843,0.7408970528592671,1,1,1,1,21,True,
Topre_Slider_Black,Topre_Slider_Black-DataLog_2.csv,Topre_Slider_Black/Topre_Slider_Black-DataLog_2.csv,e45f432a6e3929ecce4b0d6a31140e865ec3f08e563b76239329d1ab1eeeece3,b7e8414ba3b7f425f47c1984c0b9e43b6cf36cd3,acq_sha256:e45f432a6e3929ecce4b0d6a31140e865ec3f08e563b76239329d1ab1eeeece3,64638,False,pass,,False,,,True,False,True,intake-qc-v1.4 canonical retention authority,True,intake-qc-v1.4,test-imp 1.1.4,2,canonical_retention_authority,accepted,True,True,True,retained,retained,False,,,,,,63.10455714285714,1.145,46.18265714285714,3.23,26.815654472769573,3.94,204.88212649999994,58.244901250000005,16.9219,2.085,8.116019184652279,0.1286122516679596,13.052428571428507,45.23509678573989,3.94,True,1.9449999999999998,2.045,28.639000000000003,0.13519431187734898,0.744730881344307,1,1,1,1,21,True,
Topre_Slider_Black,Topre_Slider_Black-DataLog_3.csv,Topre_Slider_Black/Topre_Slider_Black-DataLog_3.csv,3d1c5946158643afce7c4eeae8ec626878126bf8397174a4e2a596b30fbd063d,cb47df2b70d3f546667508c2b4630cf63caea59d,acq_sha256:3d1c5946158643afce7c4eeae8ec626878126bf8397174a4e2a596b30fbd063d,64601,False,pass,,False,,,True,False,True,intake-qc-v1.4 canonical retention authority,True,intake-qc-v1.4,test-imp 1.1.4,2,canonical_retention_authority,accepted,True,True,True,retained,retained,False,,,,,,62.905899999999995,1.13,46.13247142857143,3.195,26.664316974128926,3.94,204.28928675,56.88678399999997,16.773428571428568,2.065,8.122725700449669,0.1291250216664839,12.967142857142804,45.38898301578886,3.94,True,1.975,2.075,28.115285714285715,0.13511623368885184,0.7483155075939251,1,1,1,1,21,True,
Topre_Slider_Black_Silenced_0.3mm_Poron,Topre_Slider_Black_Silenced_0.3mm_Poron-DataLog_1.csv,Topre_Slider_Black_Silenced_0.3mm_Poron/Topre_Slider_Black_Silenced_0.3mm_Poron-DataLog_1.csv,815a0f5622be8e52c34adefa208102b96222b6644f93b4f26e313fb43f1d6dec,93244cc7ce076454225b521595ffca044c5bfb9f,acq_sha256:815a0f5622be8e52c34adefa208102b96222b6644f93b4f26e313fb43f1d6dec,59048,False,pass,,False,,,True,False,True,intake-qc-v1.4 canonical retention authority,True,intake-qc-v1.4,test-imp 1.1.4,2,canonical_retention_authority,accepted,True,True,True,retained,retained,False,,,,,,61.41782857142857,1.02,45.72922857142857,2.885,25.544048633621507,3.71,193.62237224999967,56.03636575000003,15.688600000000001,1.8649999999999998,8.412117962466489,0.13696540822317166,14.069714285714383,27.02376753154204,3.71,True,1.67,1.77,45.17498571428571,0.13211858893539763,0.612964728192162,1,1,1,1,21,True,
Topre_Slider_Black_Silenced_0.3mm_Poron,Topre_Slider_Black_Silenced_0.3mm_Poron-DataLog_2.csv,Topre_Slider_Black_Silenced_0.3mm_Poron/Topre_Slider_Black_Silenced_0.3mm_Poron-DataLog_2.csv,3058d7ab29d4ff5593ed8407077058067420a602e27102cb74566884e05bc723,61b0f0caea38767d5b1cf9c55ca34e6083e084b0,acq_sha256:3058d7ab29d4ff5593ed8407077058067420a602e27102cb74566884e05bc723,58971,False,pass,,False,,,True,False,True,intake-qc-v1.4 canonical retention authority,True,intake-qc-v1.4,test-imp 1.1.4,2,canonical_retention_authority,accepted,True,True,True,retained,retained,False,,,,,,60.975585714285714,1.0,45.684014285714284,2.865,25.07818703082803,3.71,193.02554825000004,54.52695725,15.29157142857143,1.8650000000000002,8.19923400995787,0.13446749078191972,15.296714285714259,28.274968944277322,3.71,True,1.66,1.76,44.81064285714286,0.13253068770027127,0.5898947368421052,1,1,1,1,21,True,
Topre_Slider_Black_Silenced_0.5mm_Poron,Topre_Slider_Black_Silenced_0.5mm_Poron-DataLog_2.csv,Topre_Slider_Black_Silenced_0.5mm_Poron/Topre_Slider_Black_Silenced_0.5mm_Poron-DataLog_2.csv,987958fd28d49dd7e64c143a9abe1157b121e8cc10191fd3e694ccb4029d5f2d,d9a0d0a5af39b70d4af80a2830d0319f756869ab,acq_sha256:987958fd28d49dd7e64c143a9abe1157b121e8cc10191fd3e694ccb4029d5f2d,56790,False,pass,,False,,,True,False,True,intake-qc-v1.4 canonical retention authority,True,intake-qc-v1.4,test-imp 1.1.4,2,canonical_retention_authority,accepted,True,True,True,retained,retained,False,,,,,,68.21734285714285,0.82,49.81337142857143,2.63,26.978434893179653,3.58,206.6949957500001,50.26388475000001,18.403971428571424,1.81,10.167940015785318,0.14905212648165553,24.67571428571425,32.202346521591615,3.58,True,1.6849999999999998,1.785,52.83205714285714,0.11092542347094027,0.49314069350338735,1,1,1,1,21,True,
Topre_Slider_Black_Silenced_0.5mm_Poron,Topre_Slider_Black_Silenced_0.5mm_Poron-DataLog_3.csv,Topre_Slider_Black_Silenced_0.5mm_Poron/Topre_Slider_Black_Silenced_0.5mm_Poron-DataLog_3.csv,0fbcdff8ff62c73d7955ecb598898831c89414ee37abaca579ff5e9dc39f567c,2019c78a99ff18a755d0a96962205c665155f8e8,acq_sha256:0fbcdff8ff62c73d7955ecb598898831c89414ee37abaca579ff5e9dc39f567c,58313,False,pass,,False,,,True,False,True,intake-qc-v1.4 canonical retention authority,True,intake-qc-v1.4,test-imp 1.1.4,2,canonical_retention_authority,accepted,True,True,True,retained,retained,False,,,,,,67.71307142857142,0.815,49.37972857142857,2.63,27.075042484939072,3.59,204.4855219999999,48.736988749999995,18.333342857142853,1.815,10.101015348288074,0.14917378779580756,24.070999999999998,29.213444841287405,3.59,True,1.6849999999999998,1.785,51.631885714285715,0.1113533384204502,0.5517310015588459,1,1,1,1,21,True,
Topre_Slider_Silenced_Purple,Topre_Slider_Silenced_Purple-DataLog_1.csv,Topre_Slider_Silenced_Purple/Topre_Slider_Silenced_Purple-DataLog_1.csv,50475634e1cb9edc9b22ed2a1157127c8694701492dd6b8372e31264baa405d8,bc21d7ebd49ffdea6e168e85bc7c522eec10713d,acq_sha256:50475634e1cb9edc9b22ed2a1157127c8694701492dd6b8372e31264baa405d8,61929,False,pass,,False,,,True,False,True,intake-qc-v1.4 canonical retention authority,True,intake-qc-v1.4,test-imp 1.1.4,2,canonical_retention_authority,accepted,True,True,True,retained,retained,False,,,,,,63.69452857142858,1.23,46.264542857142864,3.33,27.36496541416318,4.045,206.06500325000007,58.36092025000002,17.429985714285714,2.1,8.29999319727891,0.13030935911506272,16.57514285714285,47.89638355695946,4.045,True,1.7,1.8,20.130699999999997,0.14778819592108425,0.8754227325807716,1,1,1,1,21,True,
Topre_Slider_Silenced_Purple,Topre_Slider_Silenced_Purple-DataLog_2.csv,Topre_Slider_Silenced_Purple/Topre_Slider_Silenced_Purple-DataLog_2.csv,d777d3677d84cdc5aad25762fb8d52073313dc96560e443179341a60ea51ec0e,5b2b1efc5ba04e5f5b8c7ad86a4816773df5ac03,acq_sha256:d777d3677d84cdc5aad25762fb8d52073313dc96560e443179341a60ea51ec0e,63527,False,pass,,False,,,True,False,True,intake-qc-v1.4 canonical retention authority,True,intake-qc-v1.4,test-imp 1.1.4,2,canonical_retention_authority,accepted,True,True,True,retained,retained,False,,,,,,63.71664285714286,1.255,46.595371428571426,3.33,26.870956567750305,4.035,208.19470074999998,61.53758,17.121271428571433,2.075,8.251215146299485,0.12949858586867616,16.34985714285719,51.19032350635146,4.035,True,1.795,1.895,20.415285714285716,0.1303494810063493,0.8070610808068,1,1,1,1,21,True,
Topre_Slider_Type-S,Topre_Slider_Type-S-DataLog_1.csv,Topre_Slider_Type-S/Topre_Slider_Type-S-DataLog_1.csv,4c57653165404301f0f76207d1e8a0dbd4f76d13e53d786a8b90d897ac7cfbfe,087d7ca7e53826f0134e9cc31537dcf99e5927f9,acq_sha256:4c57653165404301f0f76207d1e8a0dbd4f76d13e53d786a8b90d897ac7cfbfe,60152,False,pass,,False,,,True,False,True,intake-qc-v1.4 canonical retention authority,True,intake-qc-v1.4,test-imp 1.1.4,2,canonical_retention_authority,accepted,True,True,True,retained,retained,False,,,,,,62.53131428571429,1.225,46.75695714285714,3.23,25.226332315329103,3.81,195.93327000000014,60.01051524999999,15.774357142857149,2.005,7.867509796936234,0.12581711877969629,12.358714285714285,50.50794763371076,3.81,True,2.13,2.23,22.434842857142858,0.12585328715660954,0.760944963727679,1,1,1,1,21,True,
Topre_Slider_Type-S,Topre_Slider_Type-S-DataLog_2.csv,Topre_Slider_Type-S/Topre_Slider_Type-S-DataLog_2.csv,aed0617c57c523b9b04f825b4e77bac92fb457240518448ec66daa016cc52883,9f6a4942b73d59aded28388b3c2fb933325a5a2e,acq_sha256:aed0617c57c523b9b04f825b4e77bac92fb457240518448ec66daa016cc52883,61715,False,pass,,False,,,True,False,True,intake-qc-v1.4 canonical retention authority,True,intake-qc-v1.4,test-imp 1.1.4,2,canonical_retention_authority,accepted,True,True,True,retained,retained,False,,,,,,62.182942857142855,1.215,46.646942857142854,3.21,24.984343432719037,3.81,194.9473192499998,59.08244024999998,15.536000000000001,1.9949999999999999,7.787468671679199,0.12523480417403024,12.293428571428535,49.55637289543663,3.81,True,1.9849999999999999,2.085,22.796257142857144,0.1289958969564766,0.764824282498593,1,1,1,1,21,True,
Topre_Slider_Type-S,Topre_Slider_Type-S-DataLog_3.csv,Topre_Slider_Type-S/Topre_Slider_Type-S-DataLog_3.csv,87e856c5c4d5b1bf5010e47c231ecc9e14b9ad982e75b0f1a4cba6fa7a04211d,b49f0ef743dfe05fd3df8237cfbd3922174a3515,acq_sha256:87e856c5c4d5b1bf5010e47c231ecc9e14b9ad982e75b0f1a4cba6fa7a04211d,63348,False,pass,,False,,,True,False,True,intake-qc-v1.4 canonical retention authority,True,intake-qc-v1.4,test-imp 1.1.4,2,canonical_retention_authority,accepted,True,True,True,retained,retained,False,,,,,,61.97992857142857,1.195,46.4819,3.205,25.004915185676467,3.805,194.12892600000015,57.61698374999999,15.49802857142857,2.01,7.71046197583511,0.12440256311281825,12.196571428571374,49.326943454901496,3.805,True,2.15,2.25,22.762214285714286,0.1299080996464333,0.7659534175010885,1,1,1,1,21,True,
